pasaporte,nombre,nacionalidad,edad,genero,id_buque,tipo
N22415818,Oswaldo Zedillo,SALVADOREÑA,73,hombre,120,trabajador
S96030318,Aldo Ibarra,SALVADOREÑA,32,mujer,9,trabajador
R99245213,Micaela Padron,ITALIANA,69,mujer,10,trabajador
M17084370,Manuel Castro,ARGENTINA,27,mujer,28,trabajador
L37265580,Alicia Cristal Ocasio Ramirez,SALVADOREÑA,42,mujer,216,trabajador
F96333768,Rosario Arce Montaño,GUYANESA,34,hombre,224,trabajador
G86572171,Flavio Aguirre,YUGOSLAVA,44,mujer,239,trabajador
E99654323,Cristal Gaona Vazquez,LIBIA,60,hombre,181,capitan
O26876875,Itzel Madrid Tello,BIRMANA,89,mujer,209,capitan
E21346302,Nancy Perales,GUINEA,19,hombre,23,trabajador
I59647599,Eugenio Villanueva,TURCA,23,mujer,123,capitan
S86623127,Jose Maria Varela,GAMBIANA,46,hombre,94,trabajador
W43342581,Ignacio Almanza Velasquez,SINGAPORENSE,22,mujer,196,trabajador
O49324787,Lourdes Mendez,TANZANIANA,87,mujer,21,trabajador
Z12618001,Nayeli Bernardo Tamez Calderon,ESTADOUNIDENSE,91,hombre,110,trabajador
S67099414,Emiliano Gerardo Muñoz,AUSTRALIANA,99,hombre,63,trabajador
H93386941,Horacio Graciela Quesada,ZAMBIANA,70,mujer,71,trabajador
W70014015,Sofia Monica Mayorga,SOVIETICA UCRANIANA,69,hombre,240,trabajador
U56669457,Carla Jaramillo Garibay,SUDAFRICANA,68,hombre,97,trabajador
F44457948,Estela Marroquin Ortiz,ALEMANA,98,mujer,129,capitan
O42187583,Ilse Alejandra Bustos,NIGERINA,54,mujer,30,trabajador
E20392152,Minerva Barrios Concepcion,AUSTRALIANA,68,mujer,91,trabajador
G85401525,Elisa Cortez,ISRAELI,73,mujer,20,trabajador
F54286063,Juan Carlos Uriel Romero,BURKINA FASO,38,hombre,117,capitan
L20402492,Ariadna Gaona Ledesma,TUNECINA,93,hombre,49,trabajador
Y67957951,Susana Caldera,GUINEA,74,mujer,68,trabajador
T64786536,Estefania Ocampo Raya,ZAMBIANA,41,mujer,57,trabajador
L16315884,Augusto Carlos Gallardo,INDONESA,31,mujer,20,trabajador
A41577310,Jose Luis Karla Valverde,KIRGUISTAN,26,hombre,72,trabajador
I91362274,Maria Jose Perales,ISRAELI,96,mujer,66,trabajador
Z44372972,Ofelia Navarro Davila,BHUTANESA,68,hombre,6,capitan
J50508589,Lucia Palomo Olivera,NAMIBIANA,35,hombre,118,capitan
K52943396,Emilio Asuncion Luevano,LIBANESA,91,mujer,148,trabajador
L81362177,Soledad Beltran,PORTUGUESA,47,hombre,86,trabajador
O65003049,Dulce Omar Rivas,GUINEA,67,mujer,25,trabajador
G94389129,Felix Hernandes,BULGARA,26,mujer,121,trabajador
U87952200,Maria Teresa Samuel Segovia,RWANDESA,82,hombre,221,trabajador
T60754009,Ricardo Julia Archuleta,GABONESA,37,mujer,114,trabajador
O63088677,Liliana Juan Carlos Padron,ESTONIA,68,hombre,86,trabajador
X35740583,Isabel Estefania Olmos Cordero,GUINEA ECUATORIANA,16,mujer,110,trabajador
P90936714,Isabela Gil Espinosa,TANZANIANA,40,hombre,162,trabajador
S90584294,Isaac Armas Tejada,OMANESA,59,hombre,189,trabajador
E98870300,Pilar Meraz Reynoso,ITALIANA,65,hombre,112,trabajador
J48004489,Bruno Indira Olivas Galvon,LITUANIA ,64,mujer,54,trabajador
N34722023,Victoria Jorge Arredondo Madrigal,AUSTRIACA,28,mujer,138,trabajador
B33581793,Irene Villagomez Velazquez,CHIPRIOTA,76,hombre,36,trabajador
I26539190,Sessa Ordoñez,COLOMBIANA,61,hombre,145,trabajador
Y82472204,Ana Noelia Barrios,KENIANA,20,mujer,156,capitan
W96255468,Jesus Henriquez,SURINAMENSE,65,mujer,97,trabajador
Q28903565,Sergio Gil,HAITIANA,65,hombre,167,trabajador
D12747000,Augusto Cordero Jasso,SWAZI,64,hombre,98,trabajador
D84811007,Jose Eduardo Javier Casillas,REINO UNIDO,51,hombre,130,trabajador
A59785418,Mercedes Martinez,NAMIBIANA,86,hombre,58,trabajador
Q42575194,Rosalia Rocio Vazquez Granados,GUYANESA,55,hombre,210,trabajador
D26597294,Santiago Guillen Esquibel,BURUNDESA,21,mujer,172,trabajador
S70684322,Augusto Margarita Crespo,SUIZA,18,hombre,178,trabajador
Z12327276,Modesto Lucero Luna,ESTONIA,28,mujer,239,capitan
T55227978,Maria del Carmen Rodolfo Blanco Romo,BOLIVIANA,71,hombre,153,trabajador
Z25809531,Adan Gilberto Lomeli Escobar,DE SANTO TOME,54,mujer,179,trabajador
Q79731575,Juan Carlos Carvajal Zamora,TUNECINA,51,mujer,177,trabajador
S87281990,Natalia Delgadillo Robledo,SAN MARINENSE,49,hombre,30,trabajador
B52410712,Ruben Mora,PAPUENSE,73,mujer,91,trabajador
Q17998243,Ana Acevedo Munguia,MALDIVA,29,hombre,89,trabajador
G70427042,Zeferino Sofia Ortega,AMERICANA,60,mujer,34,trabajador
P21702655,Mateo Claudio Leiva Valle,ZAMBIANA,14,hombre,24,capitan
Z57372798,Maria Eugenia Robledo Arteaga,GRANADINA,56,mujer,189,trabajador
E67387779,Jose Manuel Olga Perales,PAPUENSE,13,mujer,229,trabajador
B95281165,Yolanda Blanco,TRINITARIA,30,mujer,148,capitan
H65186003,Dulce Maria Salvador Escamilla,PARAGUAYA,54,hombre,121,trabajador
S99817979,Ana Mesa,DE SANTO TOME,22,hombre,48,trabajador
Q77360488,Genaro Valentin,SUIZA,30,hombre,144,trabajador
F55163262,Tomas Valdez Serrano,TUNECINA,67,hombre,30,trabajador
E72768513,Clara Zavala,SINGAPORENSE,41,hombre,104,trabajador
H68808611,Benito Heredia Leal,SIRIA,13,hombre,42,trabajador
N62020387,Reina Jose Carlos Espino Riojas,INDONESA,52,hombre,237,trabajador
T81315126,Maria Elena Ana Aguilera Aparicio,PARAGUAYA,94,hombre,64,trabajador
J33065404,Abelardo Linares,MOZAMBIQUEÑA,23,mujer,196,trabajador
T24679589,Anabel Emilia Zamora avalos,PANAMEÑA,36,mujer,216,trabajador
S48630929,Rocio Gurule,NICARAGUENSE,44,hombre,232,trabajador
J52410570,Flavio Paulina Vasquez Ybarra,ZAIRANA,96,hombre,236,trabajador
W88696841,Jos Zavala Salazar,ZAIRANA,16,mujer,57,trabajador
H35385767,Lorenzo Soto,BURKINA FASO,39,hombre,99,trabajador
X66726406,Alfonso German Baez Moreno,SIERRA LEONESA,22,mujer,242,trabajador
T49144954,Felipe del Valle,REINO UNIDO,74,hombre,90,trabajador
Y28920946,Octavio Caballero,CHILENA,94,mujer,25,trabajador
S11772990,Humberto Carreón,SIERRA LEONESA,65,mujer,33,trabajador
G24272216,Hugo Jose Manuel Aguilera Olvera,PORTUGUESA,21,hombre,227,trabajador
J64594612,Ivonne Montenegro,NIGERINA,85,hombre,206,capitan
D29290177,Nadia Cedillo,NAURUANA,57,mujer,200,trabajador
Y97685445,Elena Estrada,JORDANA,92,mujer,40,trabajador
M29889337,Laura Ramon,MALDIVA,65,hombre,238,capitan
V37562483,Rosario Gregorio Godoy Jaimes,HINDU,77,mujer,73,capitan
K71932185,Susana Miramontes,AMERICANA,94,hombre,102,trabajador
U52204644,Ana Luisa Delgado,SWAZI,33,hombre,124,trabajador
J23831554,Enrique Tamez,SAN MARINENSE,78,mujer,113,trabajador
X77004626,Diana Martha Menchaca,TOGOLESA,13,mujer,234,trabajador
E52952269,Julio Genaro Alfaro Ojeda,BELICEÑA,77,hombre,12,trabajador
X63993476,Ivan Aviles de Jesus,CONGOLESA,96,mujer,1,trabajador
V53428041,Claudio Joaquin Porras,ARGELIANA,50,mujer,166,trabajador
I67168870,Victoria Maria Teresa Chapa,HONDUREÑA,81,hombre,234,trabajador
T77399897,Abril Luisa Yañez Hinojosa,ZAMBIANA,93,hombre,17,trabajador
I19030976,Horacio Mercado,CHECOSLOVACA,24,mujer,223,trabajador
V19318115,Aurora Jaquez,BAHAMEÑA,99,mujer,226,trabajador
K98008674,Alta  Gracia Corona,LIBANESA,40,mujer,112,trabajador
A32966457,Ruby Soria,GRIEGA,20,hombre,33,trabajador
K16816418,Maria Teresa Sarabia,MICRONECIA,46,mujer,114,trabajador
H62599461,Rosario Jorge Luis de la Fuente Coronado,PAPUENSE,86,mujer,142,trabajador
U69595745,Cecilia Guillermo Castillo,MARFILEÑA,43,mujer,100,trabajador
Q19693202,Leonor Eric Mireles,CANADIENSE,56,mujer,185,trabajador
R33059713,Alfredo Salcedo,LITUANIA ,51,mujer,139,trabajador
P91007805,Jaime Vega Colon,NEPALESA,53,mujer,194,trabajador
B91603747,Karla Casares,AFGANA,52,hombre,126,trabajador
W71697646,Liliana Quintero,DE BAHREIN,60,hombre,75,capitan
M17950737,Natalia Patiño,LIECHTENSTENSE,69,hombre,153,trabajador
N49963802,Wendolin Feliciano,BIRMANA,96,mujer,110,trabajador
D12995815,Pedro Caballero,URUGUAYA,86,hombre,210,trabajador
H72481896,Gustavo Hernandez,KIRGUISTAN,37,mujer,20,trabajador
G52881568,Juan Carlos Abigail Anguiano Adame,SWAZI,44,mujer,76,capitan
Q47868245,Ricardo Rocio Acuña,BRITANICA,48,mujer,33,trabajador
Z24413077,Linda Cortes,LIECHTENSTENSE,63,hombre,6,trabajador
C62873808,Sessa Esther Correa Godonez,SIRIA,83,mujer,46,trabajador
B35171331,Abraham Leiva,ALEMANA,63,hombre,211,trabajador
L18340568,Tomas Solis,ZAMBIANA,31,mujer,135,capitan
G38342014,Maria Eugenia Centeno,RUMANA,61,mujer,199,trabajador
M98860158,Magdalena Corona,SUDANESA,12,mujer,46,trabajador
Q57744567,Rufino Aguilera,BOLIVIANA,13,hombre,167,trabajador
V90110818,Graciela Rosas,FRANCESA,32,hombre,27,trabajador
S11970291,Julio Veronica Zayas Nevarez,REINO UNIDO,97,hombre,33,trabajador
C34159270,Alma Cisneros,MARROQUI,22,mujer,178,trabajador
V84504169,Abel Treviño,MAURITANA,55,mujer,163,trabajador
C42942785,Aldonza Irizarry Barragan,ZAIRANA,37,mujer,201,trabajador
K14707299,Amalia Teodoro Cano Almaraz,HOLANDESA,43,mujer,46,trabajador
M85459209,Victor Castro,URUGUAYA,86,mujer,56,trabajador
L72554373,Rosario Rojas Guardado,IRLANDESA,79,mujer,183,capitan
D69263703,Carlota Evelio Rocha Alfaro,LIECHTENSTENSE,71,hombre,238,trabajador
F62163147,Leonardo Antonia Coronado Quintero,GABONESA,37,mujer,233,trabajador
K63693615,Pascual Cornejo,SINGAPORENSE,25,mujer,32,trabajador
K88048774,Mateo Soto Moya,JAPONESA,89,mujer,11,trabajador
A92076676,Jose Paulina Velez Ponce,PARAGUAYA,54,hombre,165,trabajador
G92774554,Noemi Luna,MONEGASCA,78,hombre,98,trabajador
F17391225,Jose Carlos Rocio Delgado,CANADIENSE,94,mujer,245,trabajador
T89668993,Maria Elena Olivo,LIBANESA,84,hombre,129,trabajador
J29686165,Guillermo Figueroa Casanova,NAURUANA,98,mujer,59,capitan
B41943528,Caridad Alejandro Collado Esquivel,SUIZA,10,mujer,189,capitan
P88267883,Federico Zacarias Mejia Burgos,GUINEA ECUATORIANA,75,hombre,199,trabajador
G60384149,Jeronimo Grijalva Garrido,ETIOPE,48,hombre,133,trabajador
D42345801,Amelia Israel del Rio Dominguez,URUGUAYA,21,hombre,39,trabajador
U71661520,Jaime Marisol Madrid,BRITANICA,27,hombre,127,capitan
R87923672,Eloy Valadez Lemus,MEXICANA,62,hombre,146,trabajador
X40670359,Aldo Ulloa Vera,FINLANDESA,74,mujer,22,trabajador
Q25618342,Javier Matias,DOMINICA,18,mujer,34,trabajador
J92437602,Rosalia Zacarias Cazares,DANESA,75,mujer,210,trabajador
X43111101,Espartaco Leiva Irizarry,CHINA,19,mujer,214,trabajador
S16219566,Pedro Ruelas,AFGANA,23,mujer,178,trabajador
O88920707,Olga Montez,ALEMANA,44,hombre,60,trabajador
U78263685,Florencia Montero Chacan,HINDU,40,hombre,53,trabajador
S71702045,Irma Davila,BOLIVIANA,20,hombre,42,trabajador
J59811637,Augusto Clara Sanchez Colon,GUINEA,67,mujer,57,trabajador
W24746378,Ricardo Garay,MALDIVA,51,mujer,158,trabajador
R19808865,Abel Alfredo Vargas,NORVIETNAMITA,49,mujer,144,trabajador
Z95831595,Cristian Teodoro Oquendo,SINGAPORENSE,94,hombre,78,trabajador
V42528064,Sofia Orellana Rosas,SUECA,70,mujer,195,capitan
T19743718,Leticia Ureña,SIRIA,70,hombre,119,capitan
P36703267,Isabel Alvarez,BOTSWANESA,84,mujer,35,trabajador
J81992311,Marisol Oquendo,NIGERIANA,22,mujer,36,trabajador
C83712317,Antonia Pacheco,NICARAGUENSE,50,hombre,3,trabajador
J86186594,Jorge Muñiz,MALDIVA,48,mujer,239,trabajador
H92061576,Jose Jose Eduardo Barraza Covarrubias,MEXICANA,61,mujer,20,trabajador
G10013637,Caridad Ceja,REINO UNIDO,12,hombre,92,capitan
I75861226,Abraham Gurule Menchaca,MALIENSE,86,mujer,90,trabajador
S92011051,Berta Malave Zepeda,MALASIA,53,hombre,106,trabajador
X48431659,Dario Tomas Longoria Linares,GAMBIANA,65,hombre,99,trabajador
V46586488,Mario Jaime,LIBIA,73,hombre,116,trabajador
K14413559,Julio Llamas,ETIOPE,81,mujer,149,trabajador
T84921359,Angela Esperanza Cortez Rosas,SUECA,67,hombre,120,trabajador
M23752681,Julio Cesar Quiñonez Pantoja,ZAIRANA,52,hombre,219,trabajador
W93531470,Alejandro Maria Cristina Esquivel Martinez,AFGANA,58,mujer,54,trabajador
I45816186,Sara Villareal,TAILANDESA,93,mujer,67,capitan
M45487491,Hugo Castro,CUBANA,90,hombre,240,trabajador
Z47651097,Pablo Gallardo,MONEGASCA,82,mujer,213,trabajador
D68973471,Marcos Martin Valadez Zambrano,NORCOREANA,60,mujer,11,trabajador
U20635282,Karla Bonilla Otero,SURINAMENSE,63,hombre,197,trabajador
U44458462,Jacobo Indira Mares,ESTONIA,19,mujer,33,trabajador
L83116169,Irene Mora,ISRAELI,67,hombre,24,trabajador
G28581662,Bernardo Raul Niño,BHUTANESA,78,mujer,208,capitan
F36197968,Minerva Israel Santacruz Sierra,REINO UNIDO,80,mujer,12,capitan
F46237407,Dolores Hector Mata,MONGOLESA,66,mujer,28,capitan
J84936916,Alicia Espinosa,ESPAÑOLA,28,hombre,248,trabajador
D98657401,Berta Vega,RUMANA,56,hombre,214,trabajador
G80440045,Caridad Sergio Vargas,MOZAMBIQUEÑA,49,mujer,96,trabajador
X74214731,Carlota Archuleta,SIERRA LEONESA,34,hombre,48,trabajador
X55907580,Marisol Montaño Hinojosa,SOVIETICA UCRANIANA,26,hombre,185,trabajador
M32819818,Karla Cotto Reyes,HINDU,69,mujer,102,trabajador
P63907762,Graciela Gilberto Tamayo,ZAMBIANA,12,mujer,101,capitan
G20824518,Noelia Trujillo,TANZANIANA,68,mujer,104,capitan
Z62341623,Beatriz Montañez Mena,DOMINICA,58,mujer,234,trabajador
G97447072,Mariano Hinojosa,BRITANICA,75,mujer,189,trabajador
P41251204,Mauricio Ochoa,PAKISTANI,64,mujer,201,trabajador
I82557947,Esperanza Josefina Gamez,ARGELIANA,65,hombre,197,trabajador
Y70470691,Itzel Riojas,CHINA,25,mujer,178,trabajador
G97945596,Sandra Maldonado Mejia,BRASILEÑA,13,mujer,75,trabajador
W86925667,Raquel Cornejo,OMANESA,74,hombre,229,trabajador
S33763855,Jacinto Gabriel Otero,BHUTANESA,51,mujer,165,trabajador
Q82427980,Ursula Terrazas Viera,BRASILEÑA,47,mujer,141,trabajador
L95395813,Amelia Mayorga,REINO UNIDO,81,hombre,146,trabajador
M78912406,Amanda Pulido,MALDIVA,88,mujer,11,trabajador
P61007335,Reina Adan Baeza Paez,YEMENI,95,hombre,186,capitan
F35177147,Estefania Naranjo Nevarez,TAIWANESA,68,hombre,5,trabajador
Z73890508,Ariadna Ferrer,ARGENTINA,59,mujer,176,trabajador
X28190900,Alejandro Rosario,NICARAGUENSE,47,mujer,64,trabajador
A99075356,Maria Jose Berrios,VATICANA,16,mujer,215,capitan
Y33621652,Ignacio Gamboa,DE CABO VERDE,58,mujer,194,trabajador
C75435134,Elena Octavio Longoria,CHADIANA,57,hombre,100,trabajador
H51404851,Dulce Samuel Altamirano,DE BAHREIN,73,hombre,28,trabajador
T95578501,Gustavo Rodrigez,HAITIANA,33,hombre,194,trabajador
G71777805,Adalberto Pabon Fajardo,ISLANDESA,83,mujer,76,trabajador
E84206767,Yeni Rosa Acosta Lemus,CANADIENSE,39,mujer,64,trabajador
B41807889,Ursula Sierra,RWANDESA,24,mujer,88,trabajador
D17470993,Alvaro Amanda Soto Jaimes,CANADIENSE,66,hombre,235,trabajador
Y95422526,Gregorio Aurelio Olivas Solorzano,PAKISTANI,28,mujer,135,trabajador
G89138616,Norma Calderon,GRIEGA,69,mujer,148,trabajador
L53367487,Cristian Frias,DE BAHREIN,10,mujer,203,capitan
I71035953,Gonzalo Arcelia Vanegas Centeno,BELICEÑA,72,hombre,71,trabajador
G62088265,Maria Eugenia Arroyo,BELGA,23,hombre,55,capitan
U50167995,Hector Nadia Concepcion,LAOSIANA,16,hombre,230,trabajador
G59557597,Cornelio Ramos de la Rosa,GUINEA,12,hombre,38,trabajador
W86901126,Silvano Julio Cesar Tamayo,MALASIA,52,hombre,20,trabajador
M32531724,Alicia Concepcion Canales,CAMERUNESA,17,mujer,166,trabajador
Q77332509,Javier Raul Cervantez,FRANCESA,73,hombre,45,trabajador
G43243084,Anabel Melgar Galvez,ARGENTINA,16,mujer,205,trabajador
C69969453,Gerardo Mendez Ureña,AUSTRALIANA,94,mujer,124,trabajador
O92126449,Daniela Laureano,ARGELIANA,89,mujer,91,trabajador
D47863811,Leticia Alejandra Lerma,ZAMBIANA,14,hombre,69,trabajador
Z76196301,Cynthia Sosa,GUYANESA,73,hombre,58,trabajador
F34944561,Hermelinda Alcala,NORCOREANA,44,mujer,76,trabajador
E60644741,Julio Citlali Alvarado Arenas,DE ZIMBAWI,71,mujer,226,trabajador
O56033253,Julio Cesar Velasco,EGIPCIA,57,hombre,27,trabajador
Y20694626,Rosalia Huerta,KENIANA,62,mujer,140,trabajador
H37681102,Dabora Barajas Moya,TRINITARIA,94,hombre,18,trabajador
C90746321,Leonor Margarita Meza Barrera,BHUTANESA,44,mujer,218,trabajador
S24497049,Esther Maria Elena Ceja de Leon,MAURICIANA,54,hombre,92,trabajador
H65615792,Angela Magaña Contreras,ARABE,35,mujer,205,trabajador
G72884936,Mercedes Zelaya,SINGAPORENSE,12,mujer,30,trabajador
D32411194,Esmeralda Anguiano,BOTSWANESA,44,mujer,244,trabajador
N82236050,Flavio Becerra,LIBANESA,85,hombre,53,trabajador
Q62049713,Reynaldo Porfirio Galvon,GABONESA,59,mujer,147,trabajador
I39150171,Juan Carlos Bañuelos,REINO UNIDO(BRIT. DEL EXT.),18,mujer,247,trabajador
Z73076598,Rocio Itzel Matias,RUMANA,50,hombre,51,capitan
K98431752,Rafael Brito,BURUNDESA,15,hombre,20,trabajador
T37699639,Violeta Eugenia Quiroz Sisneros,GHANATA,20,hombre,79,trabajador
Q99626196,Sergio Escamilla Oquendo,SANTA LUCIENSE,87,hombre,156,trabajador
C72408604,Abril Alfredo Alcantar Nevarez,JORDANA,30,mujer,215,trabajador
E67980635,Santiago Gustavo Ulloa Trujillo,ESLOVENIA,73,hombre,135,trabajador
V90788961,Rafael Granado Jaimes,MAURICIANA,12,mujer,189,trabajador
M15953646,Rodrigo Esperanza Roque Nava,LESOTHENSE,20,mujer,145,trabajador
P46015658,Rocio Cotto Lemus,MALDIVA,34,hombre,172,trabajador
E19836287,Margarita Benitez,MALAWIANA,62,mujer,102,trabajador
X82897919,Clara Leticia Orosco,REINO UNIDO,91,hombre,156,trabajador
G76754322,Frida Soria,NIGERINA,62,hombre,151,trabajador
D20635647,Esteban Ruby Calvillo Arroyo,YEMENI,27,hombre,133,trabajador
D41778711,Rufino Velasco,GUINEA,37,mujer,22,capitan
J60837705,Uriel Concepcion,JAMAIQUINA,72,mujer,40,trabajador
F10864707,Gonzalo Jorge Suarez Caldera,MOZAMBIQUEÑA,66,mujer,3,trabajador
H28771080,Mario Estefania Ybarra Rojo,TURCA,74,mujer,84,trabajador
Z12118596,Miguel Angel Figueroa,IRAQUI,86,hombre,95,trabajador
V83521814,Arcelia Jesus Robles,IRANI,69,hombre,71,trabajador
B81503930,Luz Madera Gallardo,GUINEA ECUATORIANA,92,mujer,231,trabajador
U30419828,Amanda Gracia,PORTUGUESA,27,hombre,1,trabajador
F86107166,Adela Ledesma,ALEMANA,28,mujer,119,trabajador
D43567081,Jose Manuel Arturo Caldera,IRLANDESA,22,mujer,173,trabajador
S67426526,German Galvon,SAMOANA,57,hombre,17,trabajador
T39541124,Noemi Ariadna Padron,GUINEA,45,mujer,134,trabajador
F24904237,Ignacio Muñiz,SAN MARINENSE,43,mujer,224,capitan
Y18632801,Nelly Julio Pichardo Jaramillo,SUDANESA,16,mujer,182,trabajador
Q96850129,Julia Valdivia Florez,PUERTORRIQUEÑA,51,mujer,66,capitan
G46186009,German Otero Pichardo,AUSTRIACA,53,hombre,95,trabajador
N29503541,Teodoro Zepeda Chavarria,HUNGARA,23,mujer,155,trabajador
H22271475,Eva Cervantes,HUNGARA,33,hombre,146,trabajador
F33523355,Indira Karina de Anda Verduzco,MALASIA,75,mujer,111,trabajador
M38215478,Julio Carrero Esparza,KUWAITI,71,mujer,245,capitan
C86355149,Angelica Mesa,DE ZIMBAWI,21,mujer,88,capitan
Y43005194,Emilia Delgado,JAPONESA,49,mujer,244,trabajador
Z52180289,Alma Zacarias Sauceda,SWAZI,40,hombre,144,trabajador
J15119141,Augusto Irene Ceballos,AUSTRIACA,15,hombre,173,capitan
T94155425,Nelly Prado Calderon,ARGELIANA,69,mujer,219,trabajador
N66626290,Ricardo Ernesto Salcido Chacan,SAN MARINENSE,92,mujer,39,trabajador
R53180852,Hilda Burgos Rascon,LAOSIANA,74,hombre,131,trabajador
G37206735,Dario Emiliano Razo Dominguez,MARROQUI,81,hombre,163,trabajador
T83809947,Humberto Palomo Arguello,NORVIETNAMITA,84,hombre,140,trabajador
T46938836,Estela Godonez,GUYANESA,99,hombre,151,trabajador
L68289534,Jose Rios Rincon,MOLDOVIA,17,hombre,54,trabajador
C42363592,Paulina Chavez,MONEGASCA,93,hombre,181,trabajador
N20315368,Tomas Olvera,MOLDOVIA,16,hombre,28,trabajador
U44621636,Aida Espinoza,SALOMONESA,33,mujer,151,capitan
M66215755,Florencia Cynthia Lugo Laboy,CHECOSLOVACA,37,mujer,131,trabajador
R31033516,Delia Riojas Lozada,RUMANA,27,hombre,10,trabajador
C17933389,Indira Armenderiz,TAIWANESA,46,mujer,29,trabajador
F26110704,Maximiliano Malave Serrano,MALAWIANA,41,hombre,236,capitan
G56771209,Concepcion Jorge Luis Zuñiga,LAOSIANA,14,hombre,84,trabajador
X40190083,Jesus Teron,MALIENSE,36,hombre,234,trabajador
H60880738,Teresa Pedro Arce,LIBIA,39,hombre,131,trabajador
T96848598,Aldonza Aldo Lozano,DE BARBADOS,13,hombre,7,trabajador
U44526145,Emilia Cadena,ISRAELI,50,mujer,89,trabajador
R94787103,Veronica Madrid Alba,GRANADINA,14,hombre,80,trabajador
N53300637,Patricio Rico Salinas,PORTUGUESA,57,hombre,174,trabajador
K60088271,Omar Elena Samaniego,HAITIANA,20,hombre,149,trabajador
S54336476,Noemi Ruiz,AUSTRALIANA,70,mujer,81,trabajador
T28924830,Jacobo Sofia Arteaga,VENEZOLANA,76,mujer,143,trabajador
R92170937,Ruby Abigail Bustos Solorio,MACEDONIA,59,mujer,141,trabajador
O38314291,Antonio Ariadna Escamilla Guerra,LESOTHENSE,14,mujer,89,trabajador
X25806442,Daniela Polanco Avila,DE SEYCHELLES,93,mujer,119,trabajador
X21782966,Paulina Berta Segura Alcaraz,MARFILEÑA,50,hombre,72,trabajador
M88192722,Georgina Barreto,PORTUGUESA,46,mujer,68,trabajador
N79457372,Cornelio Sessa Lucero Suenz,NAMIBIANA,25,hombre,70,trabajador
N53152943,Karla Garibay Niño,GUINEA,44,hombre,22,trabajador
C63337324,Anel Rios,SALVADOREÑA,32,mujer,7,trabajador
W47775182,Fidel Emiliano Molina,TOGOLESA,62,hombre,9,capitan
N95498824,Leonor Emilio Sosa,PARAGUAYA,59,hombre,213,capitan
Z62349473,Eduardo Pulido,FILIPINA,28,hombre,14,capitan
U43273299,Irma Casillas,MALAWIANA,73,hombre,227,capitan
P44811148,Pascual Miranda,PAKISTANI,76,hombre,120,trabajador
J47240810,Nicolas Camacho,OMANESA,27,mujer,26,trabajador
P92686343,Elena Garrido Juarez,GRIEGA,67,hombre,79,trabajador
Z16091769,Jacobo Ramirez,CHILENA,19,mujer,205,trabajador
V74659763,Abraham Graciela Serna Zambrano,BELGA,14,mujer,151,trabajador
D39331602,Ofelia Paola Ceballos,ESLOVACA,68,mujer,207,trabajador
Z91506537,Mitzy Partida,CHIPRIOTA,98,hombre,163,trabajador
G82290652,Mitzy Quiroz Valenzuela,CUBANA,22,mujer,128,trabajador
A74939030,Norma Figueroa Arias,DE CABO VERDE,31,hombre,24,trabajador
L98220210,Bernabe Eugenio Ferrer Reyna,BURUNDESA,18,mujer,63,trabajador
C92774826,Camilo Camilo Bañuelos,IRANI,17,mujer,165,capitan
N94602558,Lorenzo Marcela Maldonado,RUMANA,97,mujer,142,trabajador
N76835766,Mauro Nazario,KUWAITI,45,mujer,61,trabajador
J94770262,Renato Dueñas,MOZAMBIQUEÑA,68,hombre,17,trabajador
U29447434,Esperanza Rufino Barrios,SOVIETICA UCRANIANA,43,mujer,218,trabajador
M61070375,Bianca Alejandro Llamas Carreon,SUDCOREANA,31,hombre,63,trabajador
N54316699,Cristina Mariana Ocampo,LIBANESA,33,mujer,3,trabajador
R31518645,Maria Luisa Horacio Pelayo Rios,EGIPCIA,72,hombre,116,trabajador
F15670255,Lucas Rolando Rico,MALTESA,37,hombre,7,trabajador
L35747887,Gustavo Jonas Baca,SIERRA LEONESA,94,mujer,198,trabajador
R73647682,Martha Ceja,YUGOSLAVA,83,hombre,50,capitan
R92652060,Margarita Aldo Ramos,PAKISTANI,85,mujer,113,trabajador
W60431450,Modesto Lozada,SUDCOREANA,68,mujer,193,trabajador
H62015947,Laura Jeronimo Ferrer Salcido,GRIEGA,93,hombre,92,trabajador
Q87090673,Gabino Madrigal Mayorga,DOMINICA,54,mujer,201,trabajador
P38256114,Rosario Aurelio Concepcion,COSTARRICENSE,41,hombre,146,trabajador
Z55229668,Miriam Granado,NORVIETNAMITA,96,mujer,237,trabajador
Z44611213,Jesus Aguilar,MACEDONIA,14,hombre,162,trabajador
H34295507,Patricio Alfonso Sanchez,COMORENSE,57,mujer,159,trabajador
P90125086,Paola Bañuelos Patiño,BULGARA,21,hombre,170,trabajador
C34769382,Amador Eric avalos,ESLOVAQUIA,58,hombre,99,trabajador
Q11437339,Juan Rosales,MOZAMBIQUEÑA,41,hombre,247,trabajador
M37790779,Ofelia Marcela Valles,ESTADOUNIDENSE,23,mujer,195,trabajador
I70460685,Uriel Melgar González,BIRMANA,74,mujer,139,capitan
Z18059834,Pedro Irma Marroquin,SENEGALESA,71,hombre,231,trabajador
S57345242,Anel Ursula Laureano,BULGARA,48,mujer,191,trabajador
R34605865,Aurora Aragon,BOTSWANESA,67,mujer,48,trabajador
K96427068,Sonia Valencia Suarez,MONGOLESA,25,hombre,36,trabajador
Q99604303,Jesus Collado Mercado,GABONESA,29,mujer,20,trabajador
R54032815,Jose Torres Perea,SUECA,57,mujer,232,trabajador
D30990389,Tomas Gonzales Quintero,BAHAMEÑA,24,mujer,112,trabajador
O49200843,Maximiliano Guadalupe Sepulveda Limon,CHIPRIOTA,35,mujer,65,trabajador
R90570268,Martin Muro Escobar,SURINAMENSE,21,mujer,149,trabajador
C98783766,Cynthia Isaac Acuña Almonte,REINO UNIDO,22,mujer,232,trabajador
O33503031,Pedro Casares,AUSTRIACA,40,hombre,67,trabajador
U28796448,Nelly Rosa Quintero,NIGERINA,64,mujer,48,capitan
W28672552,Minerva Casares,MALASIA,16,mujer,5,trabajador
E28434775,Rosa Tello,KUWAITI,40,mujer,152,trabajador
M13673150,Caridad Galindo,BHUTANESA,83,hombre,127,trabajador
G79168985,Pascual Maria Eugenia Villegas Calvillo,TRINITARIA,27,hombre,57,trabajador
U17882124,Natividad Rascon Lozano,REINO UNIDO,80,hombre,32,trabajador
D74455336,Joaquin Almonte,ARABE,75,hombre,73,trabajador
Y72017716,Frida Santiago Valles,SALOMONESA,79,mujer,112,trabajador
N94594644,Ana Luisa Benitez,MAURICIANA,61,mujer,131,trabajador
H12328752,Mercedes Reyes,EGIPCIA,94,hombre,47,capitan
J73774918,Renato Giron Valles,ANGOLESA,80,mujer,176,trabajador
O77790451,Alicia Morales,ISRAELI,63,mujer,100,trabajador
Q71451810,Marco Antonio Robles,GHANATA,15,mujer,220,trabajador
O11517948,Nancy Esteban Salgado Ybarra,DE CABO VERDE,27,hombre,69,trabajador
P90466792,Raquel Carreon,PARAGUAYA,23,mujer,44,capitan
O93555640,Eugenia Esperanza Galarza Mendez,ETIOPE,73,hombre,19,capitan
C22706964,Israel Melendez,NAMIBIANA,48,hombre,146,trabajador
P68794723,Estefania Bermudez,HUNGARA,89,hombre,203,trabajador
O65264338,Daniel Velez Ferrer,SOVIETICA UCRANIANA,79,hombre,99,trabajador
I54791407,Timoteo Amelia Ojeda Prado,ZAMBIANA,34,mujer,173,trabajador
M30180966,Josefina Vega,SURINAMENSE,34,hombre,181,trabajador
J76155106,Anel Caballero Ceballos,NAMIBIANA,32,hombre,224,trabajador
M42318695,Angela Karina Mares,SWAZI,90,hombre,87,trabajador
F50197319,Alejandro Montoya,MALASIA,27,hombre,217,capitan
A58142990,Elisa Varela,BOTSWANESA,21,mujer,176,trabajador
U58822965,Lorenzo Camilo Quintanilla,HONDUREÑA,10,mujer,169,capitan
J56679008,Gerardo Pulido,KIRGUISTAN,51,hombre,78,trabajador
X82993719,Frida Marrero,SURINAMENSE,12,hombre,245,trabajador
R18774549,Maria Cristina Zavala Rivera,MOLDOVIA,61,hombre,49,trabajador
Y62780558,Rosa Barrios,ISRAELI,10,hombre,68,trabajador
C50709947,Dalia Jeronimo Arevalo Cordova,COMORENSE,20,mujer,137,trabajador
A28842541,Dolores Manuel Castillo Leiva,AUSTRALIANA,81,hombre,120,trabajador
D18853282,Minerva Raya,DEL QATAR,67,mujer,62,capitan
O78837046,Horacio Alfredo Valle,MARFILEÑA,98,mujer,155,capitan
C97424828,Angela Resendez Castro,BELGA,76,hombre,235,trabajador
P99525371,Karla Nevarez Delgado,DE BENNIN,91,hombre,226,capitan
G72662280,Aldonza Zoe Terrazas Alonso,GRANADINA,13,mujer,128,trabajador
A51716020,Julio Tallez,HUNGARA,22,mujer,29,trabajador
X64476508,Daniela Trinidad Alvarez Menchaca,YUGOSLAVA,31,hombre,107,capitan
A67760948,Aurelio Pablo Sanches,VENEZOLANA,72,mujer,153,trabajador
R76796869,Fabiola Luis Manuel Morales Davila,COMORENSE,39,hombre,80,trabajador
X20175196,Natividad Roybal,SUDANESA,66,mujer,36,trabajador
Z37139094,Gabino Concepcion,ITALIANA,37,mujer,104,trabajador
U15692667,Agustin Patricia Pacheco Treviño,ALEMANA,81,hombre,43,capitan
R98871472,Antonio Alma Lopez Tapia,CHINA,94,hombre,161,trabajador
F65910198,Georgina Nieto Nuñez,KUWAITI,69,hombre,193,trabajador
R91225327,Monica Sotelo,BELICEÑA,34,mujer,79,trabajador
B48638051,Caridad Abelardo Cepeda,YUGOSLAVA,57,mujer,142,trabajador
J41177977,Jeronimo Vazquez Madera,FIJIANA,95,mujer,112,trabajador
B83970054,Esparta Muñiz,LIBERIANA,57,mujer,230,trabajador
R33301366,Homero Sandoval,NIGERINA,70,hombre,174,trabajador
Y28690598,Adan Bernardo Hurtado,ANGOLESA,46,hombre,135,trabajador
B71223947,Blanca Horacio Guardado,NIGERIANA,11,hombre,150,trabajador
S66542453,Gloria Maldonado Soliz,DE BAHREIN,77,mujer,107,trabajador
X50419209,Jeronimo Barreto,NEPALESA,98,mujer,45,trabajador
S31191826,Alejandra Murillo,HINDU,33,hombre,137,trabajador
E73622992,Rafael Arturo Guardado Barreto,ESPAÑOLA,63,mujer,39,trabajador
L23344989,Reina Burgos,UGANDESA,93,mujer,153,capitan
R87131401,Susana Mateo,BRASILEÑA,74,hombre,72,trabajador
J73971982,Abraham Uriel Gastulum Nieto,TAILANDESA,29,hombre,90,trabajador
H84704086,Martha Santillon,ESLOVACA,30,hombre,144,trabajador
R82394428,Sessa David Mejia Marrero,LAOSIANA,27,hombre,59,trabajador
S27059453,Estela Pedro Guevara Casarez,SALVADOREÑA,58,hombre,201,trabajador
L47267901,Patricia Cristina Garza,HINDU,76,mujer,202,trabajador
T50865195,Yuridia Lucia Chavarria,MONEGASCA,34,hombre,44,trabajador
D45067023,Concepcion Miramontes Viera,SWAZI,29,mujer,142,trabajador
B47512252,Eloisa Ledesma Robledo,HOLANDESA,78,hombre,97,trabajador
P88439867,Yeni Florez,DOMINICANA,55,hombre,233,trabajador
S79725707,Bruno Santiago Jurado Villarreal,ESPAÑOLA,36,mujer,124,trabajador
Q98292268,Angqlica Haro Benavidez,CAMBOYANA,18,mujer,222,trabajador
Q81899059,Augusto Geronimo Bueno,GUYANESA,49,mujer,142,trabajador
V38238048,Indira Esmeralda Luna,LIBANESA,45,mujer,159,trabajador
V32648303,Esteban Navarrete,IRAQUI,61,hombre,58,trabajador
N83602904,Judith Abril Puga,ISLANDESA,35,mujer,235,trabajador
D96891559,Aldo Sessa Zavala,DOMINICA,85,hombre,98,trabajador
D46521640,Esparta Cornejo,NICARAGUENSE,51,hombre,159,capitan
X53390512,Jose Eduardo Toro,DE BAHREIN,19,mujer,23,capitan
E45040981,Alejandro Patiño,SURINAMENSE,81,hombre,247,trabajador
I71137391,Rudra Calvert,ITALIANA,28,mujer,116,trabajador
F79421617,Hawa Escobar,SALVADOREÑA,19,mujer,209,trabajador
Y49142948,Anastazja Muir,SALVADOREÑA,34,mujer,157,trabajador
G23407603,Janelle Fields,ITALIANA,52,hombre,236,trabajador
L21091304,Alfie-James Valenzuela,ARGENTINA,38,mujer,236,trabajador
T33479289,Faiza Lynch,SALVADOREÑA,48,mujer,107,trabajador
N90362432,Faris Cole,GUYANESA,44,mujer,111,capitan
C86933224,Cassia Ferreira,YUGOSLAVA,23,hombre,23,trabajador
B80802581,Leon Benson,LIBIA,57,mujer,190,capitan
D17825001,Niall Skinner,BIRMANA,24,hombre,150,trabajador
H63679978,Mira Mora,GUINEA,49,hombre,185,trabajador
Q93659608,Farhan Wood,TURCA,57,hombre,140,trabajador
X23482448,Cairo Durham,GAMBIANA,45,mujer,90,trabajador
Q98196295,Aqsa Broadhurst,SINGAPORENSE,18,mujer,231,capitan
X57464681,Rida Berg,TANZANIANA,20,mujer,73,trabajador
I43495548,Sonya Bray,ESTADOUNIDENSE,18,hombre,103,trabajador
O85536062,Genevieve Yang,AUSTRALIANA,18,hombre,172,trabajador
P91468410,Prince Knights,ZAMBIANA,50,mujer,228,capitan
Z79078750,Peter Buxton,SOVIETICA UCRANIANA,25,hombre,115,trabajador
A32409894,Brogan Parra,SUDAFRICANA,25,hombre,29,trabajador
K85877488,Kyron Bell,ALEMANA,58,hombre,213,trabajador
S97519473,Om Bull,NIGERINA,48,hombre,220,trabajador
R40960037,Monty Munoz,AUSTRALIANA,44,hombre,8,capitan
N78261760,Caitlin Craft,ISRAELI,60,mujer,87,trabajador
F26681893,Chardonnay Moody,BURKINA FASO,35,hombre,240,trabajador
P69949707,Ruairidh Li,TUNECINA,41,mujer,1,trabajador
O67480281,Liyah Marsh,GUINEA,46,mujer,124,trabajador
K70923085,Braden Edge,ZAMBIANA,53,mujer,218,trabajador
D16043388,Javan Bowers,INDONESA,18,mujer,121,trabajador
Q63627088,Alanah Harris,KIRGUISTAN,60,hombre,85,trabajador
X88118097,Vivaan Small,ISRAELI,24,mujer,196,capitan
L50523027,Elara Christie,BHUTANESA,24,hombre,222,trabajador
U62431078,Jasmin Hobbs,NAMIBIANA,23,hombre,158,trabajador
G13942335,Alexandre Kenny,LIBANESA,60,hombre,104,trabajador
L88429599,Rui Kouma,PORTUGUESA,25,hombre,159,trabajador
M25516121,Eryk Hickman,GUINEA,57,mujer,56,trabajador
P60808043,Renesmee Bob,BULGARA,19,mujer,165,trabajador
Z84265346,Gerald Silva,RWANDESA,29,mujer,33,trabajador
S60259660,Charleigh Needham,GABONESA,20,mujer,72,trabajador
B74954136,Mehmet Velazquez,ESTONIA,28,hombre,57,trabajador
G62923813,Zayne Mccarty,GUINEA ECUATORIANA,29,mujer,101,trabajador
O34172199,Annabel Wainwright,TANZANIANA,19,hombre,221,trabajador
J21765949,Inayah Ferrell,OMANESA,50,hombre,67,trabajador
C66390103,Kendall Compton,ITALIANA,19,mujer,5,trabajador
K51726577,Danial Raymond,LITUANIA ,30,hombre,92,trabajador
V63848808,Abid Cash,AUSTRIACA,20,hombre,17,capitan
F47106596,Karishma Arnold,CHIPRIOTA,30,hombre,232,trabajador
D33421386,Ikra Bradford,COLOMBIANA,50,hombre,232,trabajador
V56635732,Jozef Hicks,KENIANA,23,mujer,26,capitan
H14114782,Conan Dowling,SURINAMENSE,24,mujer,62,trabajador
W32876342,Aaryan Duncan,HAITIANA,56,hombre,185,trabajador
Q85813779,Rex Lane,SWAZI,29,hombre,212,trabajador
K68798616,Carolina Collier,REINO UNIDO,53,hombre,29,trabajador
D51550937,Sanaya Sheppard,NAMIBIANA,28,mujer,90,capitan
A58880299,Kole Sims,GUYANESA,29,hombre,38,capitan
B46132611,Gianluca Joseph,BURUNDESA,29,hombre,177,trabajador
A65384053,Yu Mckee,SUIZA,20,hombre,211,trabajador
G80363129,Nevaeh Mclaughlin,ESTONIA,47,mujer,144,trabajador
H23554855,Matei Barry,BOLIVIANA,18,hombre,92,trabajador
X80622536,Frazer Bouvet,DE SANTO TOME,55,mujer,120,trabajador
G39950854,Danniella Allan,TUNECINA,48,mujer,113,trabajador
E66418744,Ava-May Turner,SAN MARINENSE,18,hombre,187,trabajador
Z55136740,Arwa Mansell,PAPUENSE,31,mujer,247,trabajador
A74846755,Sanya Goodman,MALDIVA,55,mujer,187,trabajador
S15728405,Abdur Avalos,AMERICANA,38,mujer,249,trabajador
Y74571096,Tasnim Tillman,ZAMBIANA,33,mujer,166,trabajador
A48349897,Aeryn Salinas,GRANADINA,53,mujer,8,trabajador
H34682218,Arjan Emerson,PAPUENSE,46,mujer,224,trabajador
L91040317,Arman Spooner,TRINITARIA,49,mujer,247,capitan
K33835641,Macaulay Lucas,PARAGUAYA,32,hombre,10,trabajador
Q65697920,Blane Webber,DE SANTO TOME,47,hombre,237,trabajador
C26918071,Konrad Morales,SUIZA,50,mujer,184,capitan
A62437482,Cormac Walton,TUNECINA,54,mujer,246,trabajador
I20962160,Gracey Moyer,SINGAPORENSE,45,mujer,227,trabajador
B42680044,Mahir Bass,SIRIA,48,mujer,175,trabajador
S80959779,Sanjay Beltran,INDONESA,49,mujer,28,trabajador
L45624818,Lamar Mahoney,PARAGUAYA,59,hombre,238,trabajador
A18178675,Sulayman Copeland,MOZAMBIQUEÑA,38,hombre,185,trabajador
Q13393131,Katelin Rogers,PANAMEÑA,22,hombre,75,trabajador
X36668136,Shani Tang,NICARAGUENSE,24,hombre,242,capitan
V14610605,Kyran Medina,ZAIRANA,34,hombre,202,trabajador
X96959151,Ishaan Shannon,ZAIRANA,36,hombre,61,trabajador
W38466179,Rhys Cartwright,BURKINA FASO,47,hombre,166,trabajador
S27836168,Manveer Morin,SIERRA LEONESA,33,hombre,145,trabajador
N30210482,Kelan Alcock,REINO UNIDO,43,hombre,147,trabajador
O32022190,Corban Banks,CHILENA,20,hombre,107,trabajador
D81305901,Eden Bullock,SIERRA LEONESA,50,mujer,162,capitan
F48147569,Ehsan Khan,PORTUGUESA,30,mujer,134,trabajador
E64066757,Adam Lowe,NIGERINA,47,mujer,126,trabajador
T51938312,Jaden O'Moore,NAURUANA,59,hombre,246,trabajador
E79403161,Ferne Taylor,JORDANA,22,hombre,114,trabajador
F30439227,Niko Clark,MALDIVA,56,mujer,2,trabajador
L24990708,Thelma Hinton,HINDU,18,hombre,29,trabajador
I69082391,Gideon Odling,AMERICANA,54,mujer,157,capitan
M96988182,Menna Kennedy,SWAZI,29,hombre,106,capitan
J53941814,Audrey Lugo,SAN MARINENSE,58,hombre,236,trabajador
Z62544841,Stewart Hogg,TOGOLESA,57,hombre,204,trabajador
O11035736,Lester Horne,BELICEÑA,53,mujer,100,trabajador
E40496740,Cruz Sharpe,CONGOLESA,55,mujer,186,trabajador
Y88222031,Roosevelt Strong,ARGELIANA,39,mujer,156,trabajador
E79645360,Meerab Lam,HONDUREÑA,45,hombre,8,trabajador
N21135692,Ellouise Kumar,ZAMBIANA,48,mujer,166,trabajador
Q76501795,Annabella Feeney,CHECOSLOVACA,48,hombre,63,trabajador
H82954679,Chyna Oakley,BAHAMEÑA,38,hombre,7,trabajador
L58021595,Ffion Foreman,LIBANESA,53,hombre,143,capitan
I76454232,Zakariah Rudd,GRIEGA,47,hombre,117,trabajador
V86328246,Mateo Suarez,MICRONECIA,28,hombre,99,trabajador
Q46352405,Jaxx Howell,PAPUENSE,21,hombre,140,trabajador
S83257879,Lynda Boone,MARFILEÑA,44,mujer,224,trabajador
C18313949,Anam Archer,CANADIENSE,25,mujer,10,trabajador
I68520250,Jakub Rogers,LITUANIA ,27,hombre,237,trabajador
V33539473,Mohamad Frye,NEPALESA,23,hombre,71,capitan
P99072944,Morris Burn,AFGANA,34,mujer,171,trabajador
X30500718,Seb Kline,DE BAHREIN,19,hombre,54,trabajador
Q86390973,Tarik Underwood,LIECHTENSTENSE,34,hombre,178,capitan
O73308422,Faye Lancaster,BIRMANA,35,mujer,175,trabajador
V93679476,Leonie Camacho,URUGUAYA,44,mujer,96,trabajador
V52367061,Vinny Simon,KIRGUISTAN,25,mujer,128,capitan
K97020636,John-Paul Donnelly,SWAZI,39,mujer,63,trabajador
I12411703,Mikail Russo,BRITANICA,23,hombre,236,trabajador
B56479004,Rubie Nicholls,LIECHTENSTENSE,28,hombre,36,trabajador
E88841911,Lynn Werner,SIRIA,49,mujer,246,trabajador
K36045796,Zena Lara,ALEMANA,34,hombre,205,trabajador
N15890939,Javan Guthrie,ZAMBIANA,31,mujer,245,trabajador
C25202479,Tabatha Draper,RUMANA,56,hombre,50,trabajador
Z35633074,Aaliyah Weir,SUDANESA,40,hombre,232,trabajador
Z82216665,Lexi-Mae Hodgson,BOLIVIANA,59,hombre,175,trabajador
L48871263,Oriana Connelly,FRANCESA,29,mujer,232,trabajador
M54013650,Amari Mccarthy,REINO UNIDO,18,hombre,182,capitan
K61351886,Geraldine Richard,MARROQUI,36,mujer,40,trabajador
L16160620,Ashwin Whiteley,MAURITANA,41,mujer,27,trabajador
Y32862609,Mathilde Winter,ZAIRANA,28,mujer,20,trabajador
A64832941,Phillippa Deleon,HOLANDESA,21,mujer,110,trabajador
W45620852,Kadeem Sanderson,URUGUAYA,37,hombre,11,trabajador
C28372030,Manon Coffey,IRLANDESA,42,hombre,53,capitan
A60998883,Francis Olson,LIECHTENSTENSE,50,mujer,89,trabajador
I81031745,Sameera Owens,GABONESA,38,hombre,162,trabajador
W14792062,Shanaya Holmes,SINGAPORENSE,52,hombre,156,trabajador
Y74602262,Fannie Conley,JAPONESA,21,mujer,128,trabajador
K18727103,Denise Fleming,PARAGUAYA,35,mujer,180,trabajador
T28185187,Chanice Mill,MONEGASCA,56,mujer,12,trabajador
U44749976,Arman Lynch,CANADIENSE,27,hombre,189,trabajador
R83861025,Brody Derrick,LIBANESA,49,hombre,201,capitan
V77041067,Leslie Clements,NAURUANA,48,mujer,127,trabajador
S44521362,Clare Corbett,SUIZA,21,mujer,203,trabajador
Y41672518,Sam Pritchard,GUINEA ECUATORIANA,26,hombre,207,trabajador
L49696680,Ajwa Cash,ETIOPE,43,hombre,13,trabajador
R60771433,Axel Bouvet,URUGUAYA,55,mujer,230,trabajador
G47760865,Haroon Adams,BRITANICA,22,hombre,56,trabajador
D17614969,Carolyn Huffman,MEXICANA,46,hombre,220,trabajador
S88342155,Willow Mcarthur,FINLANDESA,38,hombre,63,capitan
M58022489,Rickie Dowling,DOMINICA,35,mujer,243,capitan
Q99206484,Nial Hansen,DANESA,44,mujer,248,trabajador
S28706627,Yasmine Ireland,CHINA,20,mujer,79,trabajador
W40357500,Oliver Dalton,AFGANA,59,mujer,123,trabajador
W96247840,Abraham Bradley,ALEMANA,35,mujer,13,trabajador
F39203452,Cally Plant,HINDU,23,mujer,91,trabajador
X70165362,Lois Cain,BOLIVIANA,56,hombre,233,trabajador
P47747927,Tashan Fox,GUINEA,42,mujer,237,trabajador
F37567930,Emmanuella Ellison,MALDIVA,23,mujer,194,trabajador
U82113441,Leonard Mcnally,NORVIETNAMITA,48,mujer,89,trabajador
D94008374,Quinn Novak,SINGAPORENSE,49,hombre,176,capitan
Z15182407,Raphael Mcdowell,SUECA,32,mujer,0,trabajador
D31735637,Adnaan Bateman,SIRIA,18,mujer,210,trabajador
M17626975,Ingrid Barlow,BOTSWANESA,43,hombre,86,trabajador
K87304932,Uwais Boyce,NIGERIANA,27,mujer,199,trabajador
N12187519,Luca Greenaway,NICARAGUENSE,46,mujer,105,trabajador
Z89512901,Natan Dillard,MALDIVA,29,hombre,221,trabajador
S69458680,Anthony Gallegos,MEXICANA,42,hombre,98,trabajador
E91188282,Frank Brennan,REINO UNIDO,18,mujer,82,trabajador
K54292700,Carina Emerson,MALIENSE,41,mujer,101,trabajador
J78675367,Dawood Neal,MALASIA,23,hombre,64,trabajador
Z90514972,Katharine Kent,GAMBIANA,31,mujer,65,capitan
M25319500,Sumayyah Whitley,LIBIA,43,hombre,126,trabajador
D47993586,Nida Blackmore,ETIOPE,40,hombre,164,trabajador
W59997661,Fearne Truong,SUECA,26,hombre,240,trabajador
C98273001,Mahamed Pittman,ZAIRANA,58,hombre,32,trabajador
W35851913,Lukasz Morse,AFGANA,54,hombre,57,trabajador
Z56387527,Lincoln Coles,TAILANDESA,19,hombre,138,trabajador
O82905218,Divine Abbott,CUBANA,50,hombre,248,trabajador
Y90687489,Iosif Hampton,MONEGASCA,52,hombre,201,trabajador
B98135751,Abdullah Mahoney,NORCOREANA,38,hombre,218,trabajador
J77542518,Shanelle Stark,SURINAMENSE,36,hombre,75,trabajador
J85522033,Arianna Potts,ESTONIA,53,hombre,43,trabajador
F20918635,Tate Wilder,ISRAELI,39,hombre,114,capitan
P24887858,Caleb Lindsey,BHUTANESA,53,hombre,230,trabajador
S92299080,Naveed Bean,REINO UNIDO,60,mujer,157,trabajador
I95587135,Che Carr,MONGOLESA,23,mujer,183,trabajador
S73768257,Holly Sharpe,ESPAÑOLA,19,mujer,18,trabajador
N22206250,Cecilia Sparks,RUMANA,50,mujer,231,trabajador
T26344182,Faith Williamson,MOZAMBIQUEÑA,51,hombre,141,trabajador
O24070749,Sid Rayner,SIERRA LEONESA,55,mujer,211,capitan
X57831524,Faizan Mueller,SOVIETICA UCRANIANA,41,hombre,17,trabajador
F63424480,Karol Curtis,HINDU,44,hombre,16,capitan
P46096512,Dione Britton,ZAMBIANA,26,mujer,165,trabajador
K79125351,Humza O'Gallagher,TANZANIANA,52,hombre,31,trabajador
Z33119712,Ceara Holloway,DOMINICA,57,mujer,45,trabajador
D72943469,Jimmy Cook,BRITANICA,42,mujer,247,trabajador
E94910524,Susannah Dominguez,PAKISTANI,44,hombre,233,capitan
M99657407,Mehak Savage,ARGELIANA,39,hombre,140,trabajador
M20646516,Pascal Burrows,CHINA,60,mujer,84,capitan
M47185694,Robin Duggan,BRASILEÑA,42,mujer,177,trabajador
I54761065,Monet Bob,OMANESA,42,mujer,131,trabajador
H13591949,Kristin Mayer,BHUTANESA,41,mujer,168,capitan
Z66164439,Lynden Calhoun,BRASILEÑA,53,hombre,38,trabajador
J50021010,Nisha Cornish,REINO UNIDO,37,hombre,131,trabajador
E15185649,Eloise Woodward,MALDIVA,21,hombre,69,trabajador
S32417613,Liberty Donnelly,YEMENI,43,hombre,84,trabajador
X18788354,Latisha Kane,TAIWANESA,44,mujer,210,trabajador
P18069029,Sapphire Mccullough,ARGENTINA,57,hombre,248,trabajador
P90664949,Lavinia Lord,NICARAGUENSE,50,mujer,51,trabajador
D47817041,Fintan Lester,VATICANA,40,mujer,142,trabajador
K93206420,Mateusz Gibbons,DE CABO VERDE,42,hombre,204,trabajador
Z87201344,Sammy-Jo Navarro,CHADIANA,55,mujer,183,trabajador
N19156231,Ayse Parks,DE BAHREIN,38,hombre,5,trabajador
E70683335,Lindsay Allison,HAITIANA,36,mujer,22,trabajador
Y25124393,Avery Mcgee,ISLANDESA,60,mujer,161,trabajador
T27955220,Madeeha Newton,CANADIENSE,41,mujer,11,trabajador
Q84386005,Merryn Pritchard,RWANDESA,27,hombre,126,trabajador
H24424611,Phillip Russo,CANADIENSE,49,mujer,72,trabajador
M43509483,Arda Kay,PAKISTANI,28,mujer,159,trabajador
Z49567606,Krish Wright,GRIEGA,59,mujer,242,trabajador
C35766555,Siena Mcbride,DE BAHREIN,58,hombre,124,capitan
P57862554,Gus Chadwick,BELICEÑA,27,mujer,191,trabajador
I64191003,Tyriq Guerrero,BELGA,54,mujer,76,trabajador
R45462112,Rajan Blankenship,LAOSIANA,59,hombre,228,trabajador
A36567974,Marc Rasmussen,GUINEA,33,mujer,118,trabajador
Z66375480,Ephraim Mcmillan,MALASIA,52,mujer,133,trabajador
O83116410,Davina Whittaker,CAMERUNESA,51,hombre,39,trabajador
B19274682,Giovanni Goddard,FRANCESA,48,hombre,101,trabajador
A13377207,Jai Riley,ARGENTINA,46,hombre,151,trabajador
Z63638604,Isaak Farrell,AUSTRALIANA,55,mujer,85,trabajador
T12018876,Ernest Reid,ARGELIANA,26,mujer,13,capitan
Q61647603,Sia Decker,ZAMBIANA,39,hombre,161,trabajador
J46520579,Vincenzo Hopper,GUYANESA,33,hombre,216,trabajador
C10485898,Irene Brewer,NORCOREANA,39,hombre,132,trabajador
Q18294063,Elijah Bloom,DE ZIMBAWI,18,mujer,218,capitan
G96255344,August Gallegos,EGIPCIA,52,mujer,39,trabajador
Y82611727,Rhydian Mclaughlin,KENIANA,23,hombre,198,trabajador
B70998108,Lorcan Cousins,TRINITARIA,43,hombre,240,trabajador
V39821498,Angelina Frey,BHUTANESA,59,mujer,132,trabajador
X78500905,Nada Drake,MAURICIANA,40,mujer,106,trabajador
K58266428,Taybah Dalton,ARABE,40,mujer,116,trabajador
T10711406,Mariyah Beasley,SINGAPORENSE,47,mujer,170,trabajador
F84924809,Rimsha Timms,BOTSWANESA,43,mujer,89,trabajador
Z40312357,Haseeb Ortega,LIBANESA,48,hombre,21,trabajador
C93047721,Pheobe Fields,GABONESA,33,hombre,69,trabajador
W35870244,Kaia Klein,REINO UNIDO(BRIT. DEL EXT.),19,mujer,236,trabajador
O89361249,Cinar Long,RUMANA,53,hombre,181,trabajador
T15488548,Lorna John,BURUNDESA,60,hombre,163,trabajador
X33411778,Dorothy Dowling,GHANATA,24,hombre,109,trabajador
L15587056,Ida Reese,SANTA LUCIENSE,34,mujer,88,trabajador
X57433646,Onur Donald,JORDANA,54,mujer,0,trabajador
E12552527,Reis Browning,ESLOVENIA,33,hombre,74,trabajador
U14642137,Eilidh Wilde,MAURICIANA,25,mujer,149,trabajador
Z93784881,Veer Cameron,LESOTHENSE,40,hombre,246,capitan
N61633512,Brett Hanson,MALDIVA,53,mujer,236,trabajador
L73186764,Finnlay Flower,MALAWIANA,31,mujer,18,capitan
O35132654,Micheal Weaver,REINO UNIDO,53,mujer,42,capitan
F85234179,Nicola Shah,NIGERINA,43,mujer,219,trabajador
L32090593,Anais Hester,YEMENI,41,mujer,163,trabajador
Z89529699,Nicholas Brett,GUINEA,49,mujer,223,trabajador
I71720626,Pippa Matthews,JAMAIQUINA,41,hombre,73,trabajador
S79293181,Jaya Roche,MOZAMBIQUEÑA,22,mujer,37,capitan
F53285291,Abdi Brock,TURCA,47,hombre,59,trabajador
F32873083,Fahmida Watts,IRAQUI,56,mujer,110,capitan
C29330794,Sufyaan Nielsen,IRANI,28,mujer,240,trabajador
J30532761,Tyreke Hayward,GUINEA ECUATORIANA,43,mujer,202,trabajador
X26302462,Arissa Montes,PORTUGUESA,36,hombre,61,trabajador
X38649807,Rami Stone,ALEMANA,23,mujer,149,trabajador
E74168818,Maximilian Phan,IRLANDESA,23,hombre,199,trabajador
X23977739,Ariyah Perry,SAMOANA,39,mujer,87,trabajador
B47807991,Gaia Howard,GUINEA,55,hombre,188,capitan
Y14343891,Kaden Robins,SAN MARINENSE,20,mujer,57,trabajador
Y39134822,Nikita Sutton,SUDANESA,32,mujer,36,trabajador
P29941553,Cydney Brandt,PUERTORRIQUEÑA,32,mujer,213,trabajador
M94150341,Safia Olson,AUSTRIACA,43,mujer,146,trabajador
X72217433,Keyan Bull,HUNGARA,53,hombre,13,trabajador
B29318470,Eddison Quintero,HUNGARA,34,hombre,221,trabajador
G70168526,Youssef Merrill,MALASIA,41,mujer,96,capitan
B28202618,Aleisha Duffy,KUWAITI,50,hombre,205,capitan
Q93070405,Taylor Sexton,DE ZIMBAWI,24,mujer,156,trabajador
Q97899872,Jett Mann,JAPONESA,56,mujer,118,trabajador
A12227676,Ocean Wooten,SWAZI,53,hombre,10,trabajador
Y65232120,Scarlett-Rose Pratt,AUSTRIACA,36,hombre,114,trabajador
I77961063,Tj Mackie,ARGELIANA,44,mujer,216,trabajador
U84132444,Mariella Fleming,SAN MARINENSE,29,mujer,2,trabajador
Y51646668,Ruairidh Dodd,LAOSIANA,28,hombre,244,trabajador
I29425737,Josie Everett,MARROQUI,46,hombre,51,trabajador
N27037176,Virginia Appleton,NORVIETNAMITA,18,hombre,229,trabajador
B59049054,Trey Henson,GUYANESA,54,hombre,224,trabajador
Y74131374,Manisha Rollins,MOLDOVIA,29,mujer,65,trabajador
O38200990,Demi-Leigh Riggs,MONEGASCA,50,hombre,140,trabajador
Q68510886,Mason Booker,MOLDOVIA,21,hombre,249,capitan
D42378846,Abel Frye,SALOMONESA,33,hombre,33,trabajador
E33644858,Marlene Alfaro,CHECOSLOVACA,58,mujer,183,trabajador
N70038783,Raphael Stott,RUMANA,26,mujer,130,trabajador
O69610901,Safiyyah Salinas,TAIWANESA,38,hombre,45,trabajador
D62098041,Nichola Thompson,MALAWIANA,48,hombre,210,trabajador
V98816399,Evie Payne,LAOSIANA,43,hombre,216,trabajador
P40582910,Imani Cleveland,MALIENSE,20,mujer,196,trabajador
D21950879,Vivaan Walsh,LIBIA,55,hombre,192,trabajador
G11145132,Julie Mora,DE BARBADOS,20,hombre,40,trabajador
M89928461,Sherri Kendall,ISRAELI,22,mujer,133,trabajador
S88813565,Tamera Sutton,GRANADINA,55,hombre,238,trabajador
Y98611000,Skye Sherman,PORTUGUESA,44,mujer,220,capitan
Z97917226,Tyrique Page,HAITIANA,32,mujer,232,trabajador
J21247265,Juliette Schroeder,AUSTRALIANA,23,hombre,56,capitan
T27239003,Norman Preece,VENEZOLANA,19,mujer,27,trabajador
S25615690,Hamish Bradshaw,MACEDONIA,50,hombre,218,trabajador
J40055799,Cecily Forster,LESOTHENSE,44,mujer,199,trabajador
B82825000,Kirsten Naylor,DE SEYCHELLES,26,mujer,114,trabajador
I78773658,Callam Bateman,MARFILEÑA,32,mujer,127,trabajador
G63132325,Chantal Gay,PORTUGUESA,55,mujer,98,capitan
Q20115795,Mira Sinclair,NAMIBIANA,51,mujer,228,trabajador
N40736646,Lilly-Ann Donnelly,GUINEA,35,mujer,171,capitan
J19118659,Ryker Sanders,SALVADOREÑA,20,hombre,217,trabajador
N72848681,Siena Beltran,TOGOLESA,25,mujer,29,trabajador
M81883007,Helen Millar,PARAGUAYA,60,hombre,77,trabajador
W97686532,Lyra Jefferson,FILIPINA,35,mujer,49,capitan
L38252134,Lilianna Forrest,MALAWIANA,49,hombre,108,trabajador
A93142339,Rikki Marsden,PAKISTANI,28,hombre,79,capitan
V30633569,Baran Bostock,OMANESA,50,hombre,33,trabajador
X78631717,Lorenzo Munro,GRIEGA,43,mujer,94,trabajador
C35048470,Dalton Cooke,CHILENA,43,hombre,135,trabajador
V22598195,Tommy Villalobos,BELGA,21,hombre,186,trabajador
G48835759,Keiron Simon,ESLOVACA,24,hombre,27,trabajador
N72357505,Esme Ahmad,CHIPRIOTA,39,hombre,93,trabajador
P80848048,Reanne Key,CUBANA,53,mujer,77,trabajador
A35915899,Orla Searle,DE CABO VERDE,48,mujer,212,trabajador
Q62676510,Jamie-Leigh Harris,BURUNDESA,58,mujer,65,trabajador
Z42240808,Niamh English,IRANI,52,mujer,187,trabajador
B23944895,Yousaf Buck,RUMANA,51,mujer,136,trabajador
T23186694,Shanice Broughton,KUWAITI,27,hombre,146,trabajador
G18703906,Kalvin Colon,MOZAMBIQUEÑA,51,hombre,102,trabajador
F99398248,Gurdeep Tillman,SOVIETICA UCRANIANA,31,mujer,85,trabajador
A20353052,Maureen Rice,SUDCOREANA,42,hombre,52,trabajador
A45029251,Ishaaq Huang,LIBANESA,36,mujer,230,trabajador
H78350811,Talha Wood,EGIPCIA,18,hombre,13,trabajador
E27955039,Dua Alvarado,MALTESA,55,hombre,233,trabajador
H93634331,Maurice Lennon,SIERRA LEONESA,49,mujer,17,trabajador
Y90954287,Neo Weber,YUGOSLAVA,47,hombre,69,trabajador
M23386049,Abbie Cook,PAKISTANI,38,mujer,170,trabajador
H66406299,Arian Conway,SUDCOREANA,54,hombre,122,trabajador
O49832802,Jay Vance,GRIEGA,32,hombre,133,capitan
N27371073,Ayaz O'Connor,DOMINICA,56,mujer,160,trabajador
T62778068,Ailsa Howells,COSTARRICENSE,27,mujer,232,trabajador
F23647465,Harlee Black,NORVIETNAMITA,27,mujer,245,trabajador
X50057717,Konrad Mccallum,MACEDONIA,27,hombre,82,trabajador
B29750444,Reyansh Mair,COMORENSE,25,hombre,42,trabajador
D12791743,Ember Stein,BULGARA,21,mujer,82,trabajador
A88205453,Malachy Armitage,ESLOVAQUIA,55,hombre,101,trabajador
Q67129817,Sullivan Nelson,MOZAMBIQUEÑA,23,hombre,227,trabajador
M18404455,Summer Shannon,ESTADOUNIDENSE,44,mujer,54,trabajador
U64582622,Tia Barber,BIRMANA,27,mujer,58,trabajador
A13756920,Mohamad Mcghee,SENEGALESA,27,mujer,174,trabajador
F96180559,Oliwia Mcgregor,BULGARA,50,hombre,217,trabajador
Z43356349,Elisa Greaves,BOTSWANESA,44,hombre,203,trabajador
E64584693,Reilly Mansell,MONGOLESA,39,hombre,163,capitan
T40011963,Rogan Whittaker,GABONESA,46,hombre,151,trabajador
N24130204,Fiona Smart,SUECA,59,mujer,242,trabajador
X28016364,Alexandre Ramsey,BAHAMEÑA,41,mujer,33,trabajador
O91091325,Roseanne Mclellan,CHIPRIOTA,45,hombre,227,trabajador
F93287822,Danial Hammond,SURINAMENSE,27,hombre,127,trabajador
S51168316,Sonya Schofield,REINO UNIDO,23,mujer,10,capitan
W10879874,Luke Sloan,AUSTRIACA,56,hombre,135,trabajador
A80460006,Samara Noel,NIGERINA,49,mujer,192,trabajador
R41844825,Nora Moody,MALASIA,48,mujer,111,trabajador
E79687833,Zaki Novak,KUWAITI,28,hombre,197,trabajador
P85252432,Philippa Grimes,BHUTANESA,25,mujer,243,trabajador
F22133064,Jorden Cohen,TRINITARIA,42,mujer,237,trabajador
I79816052,Mica Carney,REINO UNIDO,38,mujer,240,capitan
F15606774,Renae Driscoll,ARABE,59,hombre,223,trabajador
J85158921,Yu Parks,SALOMONESA,37,mujer,95,trabajador
J49932003,Harper-Rose Mcdermott,MAURICIANA,32,hombre,45,trabajador
Z41415201,Tyrone Burrows,EGIPCIA,31,mujer,241,trabajador
V82748771,Candice Worthington,ANGOLESA,48,mujer,238,trabajador
G42264201,Shiv Delacruz,ISRAELI,47,hombre,204,trabajador
H12580038,Christy Nichols,GHANATA,37,hombre,113,trabajador
K21206986,Stephanie Easton,DE CABO VERDE,23,mujer,125,trabajador
L96528062,Yvie Dickerson,PARAGUAYA,24,hombre,117,trabajador
R13259256,Maxwell Bonner,ETIOPE,60,mujer,40,capitan
U55029003,Wesley Salinas,NAMIBIANA,44,hombre,87,trabajador
R80620598,Clementine Wong,HUNGARA,20,hombre,236,trabajador
M94672986,Ivy-Rose Cox,SOVIETICA UCRANIANA,37,hombre,212,trabajador
K96345331,Sohaib Hughes,ZAMBIANA,60,mujer,163,trabajador
Y10691944,Katharine Woodward,SURINAMENSE,41,hombre,187,trabajador
V71727680,Masuma Ochoa,NAMIBIANA,38,mujer,237,trabajador
H70172532,Sherry Neale,SWAZI,54,mujer,128,trabajador
M34438638,Ioana Henry,MALASIA,23,hombre,217,trabajador
X41083377,Khloe Allman,BOTSWANESA,54,hombre,139,trabajador
Z29753329,Eliott Lord,HONDUREÑA,26,mujer,182,trabajador
I21191197,Kimora Samuels,KIRGUISTAN,59,hombre,232,capitan
X30743906,Alessandro Ratcliffe,SURINAMENSE,57,mujer,45,trabajador
U22812889,Bartlomiej Mustafa,MOLDOVIA,42,mujer,139,trabajador
H65607751,Kyran Byrne,ISRAELI,45,mujer,195,trabajador
P45567469,Dorothy Oliver,COMORENSE,27,hombre,217,trabajador
D57220935,Ruby-Rose Watkins,AUSTRALIANA,58,hombre,64,trabajador
N14440735,Aimee Talley,DEL QATAR,45,hombre,8,trabajador
J42130573,Suman Bowers,MARFILEÑA,50,mujer,85,trabajador
O30083178,Aniela Kavanagh,BELGA,53,mujer,54,trabajador
H96503201,Bridget Davie,DE BENNIN,28,mujer,32,trabajador
V53011633,Jovan Shaw,GRANADINA,26,mujer,163,trabajador
Z91402180,Isabell Grant,HUNGARA,47,mujer,149,trabajador
U56400510,Zidan Blevins,YUGOSLAVA,53,mujer,231,trabajador
M26162664,Divine Johns,VENEZOLANA,53,hombre,192,capitan
W95912967,Giorgio Nichols,COMORENSE,27,mujer,205,trabajador
E69489272,Celyn Denton,SUDANESA,57,mujer,178,trabajador
Z60642302,Hawa Munoz,ITALIANA,50,hombre,100,trabajador
I37009570,Sayed Mclellan,ALEMANA,31,mujer,155,trabajador
O87585409,Melina Mcdougall,CHINA,21,mujer,32,trabajador
P29784354,James Conroy,KUWAITI,56,hombre,223,trabajador
R69266668,Armani Thatcher,BELICEÑA,33,mujer,13,trabajador
Y96356672,Maleeha Humphrey,YUGOSLAVA,52,mujer,23,trabajador
S99222087,Sana O'Quinn,FIJIANA,47,hombre,14,trabajador
F92230103,Amiee Mccabe,LIBERIANA,28,mujer,138,capitan
X99535805,Hamza Norman,NIGERINA,58,hombre,37,trabajador
A17458556,Ellie-Mae Forbes,ANGOLESA,27,mujer,177,capitan
A63197353,Lily-Ann Bartlett,NIGERIANA,22,mujer,61,trabajador
H67779322,Riley-Jay Amos,DE BAHREIN,42,mujer,196,trabajador
T53145285,Lacie Hagan,NEPALESA,33,mujer,96,trabajador
T38670415,Fatima Santiago,HINDU,21,mujer,86,capitan
Z86946890,Rosemary Kelly,ESPAÑOLA,57,mujer,175,trabajador
R79699202,Aislinn Marsden,UGANDESA,51,hombre,15,trabajador
A72804905,Ellie-Mai Clarkson,BRASILEÑA,36,mujer,71,trabajador
F64787242,Sohaib Huber,TAILANDESA,39,hombre,59,trabajador
J99000804,Robson Espinosa,ESLOVACA,41,hombre,108,trabajador
S14846993,Safia Bush,LAOSIANA,40,hombre,232,trabajador
X32364020,Tyreece Wardle,SALVADOREÑA,55,mujer,29,trabajador
Q12318202,Ashley Rangel,HINDU,38,hombre,229,trabajador
C73677021,Corbin Cole,MONEGASCA,39,mujer,248,trabajador
F50325936,Khia Mayer,SWAZI,58,hombre,204,trabajador
X71049717,Buster Mueller,HOLANDESA,20,mujer,65,trabajador
B51685962,Leyla Le,DOMINICANA,56,mujer,220,trabajador
J82990773,Zayn Campbell,ESPAÑOLA,27,hombre,82,trabajador
P95013838,Arjan Ho,CAMBOYANA,23,hombre,100,capitan
J21925151,Donnell Riley,GUYANESA,30,mujer,161,capitan
O31533601,Stephan Slater,LIBANESA,52,mujer,36,trabajador
D43657420,Reema Andrews,IRAQUI,23,hombre,98,trabajador
V74599183,Fredrick Prosser,ISLANDESA,30,mujer,238,trabajador
I76997138,Andrea Moyer,DOMINICA,22,hombre,186,trabajador
G35388553,Giuseppe English,NICARAGUENSE,57,hombre,90,trabajador
M49254736,Jonathan Calderon,DE BAHREIN,49,mujer,214,capitan
K91217782,Yannis Mcneil,SURINAMENSE,52,hombre,196,trabajador
C65927166,Levi Piper,ITALIANA,18,mujer,203,trabajador
V62701196,Kenzie Cairns,SALVADOREÑA,27,hombre,30,trabajador
X18112744,Aimee Smyth,SALVADOREÑA,29,mujer,136,trabajador
O58652792,Shamima Farley,ITALIANA,36,hombre,174,capitan
W75934842,Lucille Peterson,ARGENTINA,57,hombre,212,trabajador
F52377248,Sierra England,SALVADOREÑA,41,mujer,18,trabajador
X55853585,Alexandros Burris,GUYANESA,23,hombre,69,capitan
Z80736127,Campbell Newman,YUGOSLAVA,58,hombre,231,trabajador
S33034970,Haley Koch,LIBIA,18,hombre,48,trabajador
A39408361,Bryce Chase,BIRMANA,44,mujer,202,capitan
Y34927784,Isabella Morley,GUINEA,37,mujer,235,capitan
S50684947,Simone Short,TURCA,38,mujer,152,capitan
O54358606,Naima Khan,GAMBIANA,26,mujer,166,trabajador
H54615218,Jamil Buck,SINGAPORENSE,27,mujer,81,capitan
S31733660,Justine Dejesus,TANZANIANA,24,mujer,83,capitan
F46464053,Maximus Cross,ESTADOUNIDENSE,31,mujer,48,trabajador
D18354051,Marcelina Mustafa,AUSTRALIANA,38,mujer,84,trabajador
U55970091,Yusra Melendez,ZAMBIANA,33,mujer,37,trabajador
P27827307,Ottilie Woods,SOVIETICA UCRANIANA,19,mujer,94,trabajador
I42289426,Kerri Mcknight,SUDAFRICANA,35,hombre,183,trabajador
X42602283,Jonas Lyon,ALEMANA,50,mujer,131,trabajador
J70638698,Ella-Mae Garrett,NIGERINA,45,hombre,20,trabajador
Q52984942,Ishmael Lowery,AUSTRALIANA,53,mujer,219,trabajador
C65457150,Anabella Bernal,ISRAELI,26,hombre,161,trabajador
B12102277,Anya Molloy,BURKINA FASO,34,hombre,131,trabajador
R36542696,Arlene Mccall,TUNECINA,29,hombre,115,trabajador
U75846430,Derrick Fischer,GUINEA,49,hombre,1,trabajador
Q21978409,Suman Bassett,ZAMBIANA,40,hombre,87,trabajador
A35412411,Oriana Greer,INDONESA,42,hombre,249,trabajador
N15204505,Bryson Conner,KIRGUISTAN,39,mujer,214,trabajador
V83493745,Nabil Bannister,ISRAELI,41,hombre,13,trabajador
W33218972,Haroon Fuentes,BHUTANESA,57,mujer,153,trabajador
L18407159,Asif Mcleod,NAMIBIANA,37,mujer,126,trabajador
L23863806,Hajra Xiong,LIBANESA,27,mujer,53,trabajador
R15288294,Eleanor Jennings,PORTUGUESA,43,mujer,236,trabajador
I77626067,Artur Sheldon,GUINEA,30,mujer,28,trabajador
O97756669,Alicja Eaton,BULGARA,33,mujer,246,trabajador
B84828733,Lloyd Rodriguez,RWANDESA,25,mujer,156,trabajador
N23661643,Teddy Franks,GABONESA,55,mujer,109,trabajador
F77004838,Aaran Strickland,ESTONIA,51,hombre,56,trabajador
K26342479,Tamsin Mason,GUINEA ECUATORIANA,29,hombre,105,capitan
P96121902,Mazie Graves,TANZANIANA,32,hombre,100,trabajador
L93766595,Olaf Bass,OMANESA,26,mujer,80,trabajador
O94115116,Ammaarah Dunn,ITALIANA,57,mujer,50,trabajador
R52037583,Zayne Molina,LITUANIA ,48,mujer,218,trabajador
L32170098,Una Nava,AUSTRIACA,22,hombre,247,trabajador
I96186288,Bruce Harvey,CHIPRIOTA,22,hombre,207,trabajador
H57458041,Esha Stanton,COLOMBIANA,39,hombre,57,capitan
P26853787,Malika Mcdowell,KENIANA,24,mujer,18,trabajador
V83519026,Angelika Hughes,SURINAMENSE,49,mujer,243,trabajador
E97357087,Inaaya Mcloughlin,HAITIANA,46,hombre,143,trabajador
G29996010,Kayden Wallace,SWAZI,54,hombre,34,trabajador
V79528193,Jozef Lutz,REINO UNIDO,49,mujer,49,trabajador
J78794922,Annette Carrillo,NAMIBIANA,26,mujer,101,trabajador
O32046885,Raheem Jeffery,GUYANESA,33,hombre,227,trabajador
B32830447,Belle Seymour,BURUNDESA,56,mujer,196,trabajador
U78869014,Adelina Russo,SUIZA,21,mujer,44,trabajador
N47830661,Jason Mclellan,ESTONIA,41,mujer,207,trabajador
N57463405,Kailum Barajas,BOLIVIANA,30,hombre,80,trabajador
N73457430,Inez Edge,DE SANTO TOME,40,hombre,244,trabajador
E88586949,Anas Kelley,TUNECINA,31,mujer,183,trabajador
R85941940,Amisha Alexander,SAN MARINENSE,19,hombre,134,capitan
K59985719,Guy Buck,PAPUENSE,24,hombre,117,trabajador
R80128056,Nuha Denton,MALDIVA,28,mujer,10,trabajador
O93478493,Jed Chaney,AMERICANA,25,mujer,109,trabajador
S43682122,Caine Vincent,ZAMBIANA,45,hombre,110,trabajador
T61541071,Teagan Talbot,GRANADINA,25,hombre,6,trabajador
W65903638,Maison Porter,PAPUENSE,21,hombre,93,trabajador
F85340053,Estelle Espinosa,TRINITARIA,42,hombre,26,trabajador
V47623520,Misty Castro,PARAGUAYA,35,hombre,231,trabajador
B91567090,Ikrah Coombes,DE SANTO TOME,18,hombre,139,trabajador
H65039062,Safah Corona,SUIZA,46,hombre,32,capitan
N56827086,Abiha Yates,TUNECINA,56,hombre,197,trabajador
J79148345,Camden Felix,SINGAPORENSE,51,mujer,201,trabajador
J57103112,Emily Raymond,SIRIA,18,mujer,33,trabajador
E10665532,Elisa Senior,INDONESA,34,mujer,82,trabajador
Y38214748,Elleanor Wharton,PARAGUAYA,57,mujer,131,trabajador
Z49744602,Michael Monaghan,MOZAMBIQUEÑA,19,hombre,89,capitan
E37918298,Riccardo Rossi,PANAMEÑA,29,mujer,240,trabajador
U73863082,Keeva Turner,NICARAGUENSE,20,mujer,22,trabajador
B42748133,Nimra Leblanc,ZAIRANA,60,hombre,247,trabajador
G63019362,Frederic Mclaughlin,ZAIRANA,31,hombre,229,trabajador
Y13887486,Heidi Salgado,BURKINA FASO,31,mujer,146,capitan
Y60714035,Naveed Berg,SIERRA LEONESA,41,mujer,169,trabajador
L79362037,Storm Church,REINO UNIDO,45,mujer,187,trabajador
R71631410,Michelle Woods,CHILENA,55,mujer,38,trabajador
Y63238936,Jayden-James Frank,SIERRA LEONESA,53,hombre,157,trabajador
Z19818355,Maisey Crane,PORTUGUESA,23,hombre,29,trabajador
P96246533,Halima Mcgill,NIGERINA,33,hombre,238,trabajador
O17350446,Wilfred Kerr,NAURUANA,44,hombre,176,trabajador
R20560879,Milan Sloan,JORDANA,43,mujer,129,trabajador
E89642588,Mina Bowler,MALDIVA,30,hombre,34,capitan
Y38202128,Yasmeen Drake,HINDU,37,mujer,11,trabajador
U68302750,Zayn Esparza,AMERICANA,32,hombre,128,trabajador
D16503919,Adnaan Pennington,SWAZI,39,hombre,30,trabajador
D60569791,Cain Penn,SAN MARINENSE,30,hombre,97,capitan
D33245413,Kavan Markham,TOGOLESA,40,hombre,138,trabajador
U51326521,Bayley Howard,BELICEÑA,29,hombre,220,trabajador
M87243701,Lara Langley,CONGOLESA,42,hombre,115,trabajador
Q56934513,Brent Jefferson,ARGELIANA,42,mujer,60,trabajador
S87800491,Cooper Potts,HONDUREÑA,19,mujer,80,capitan
J73277195,Norman Byers,ZAMBIANA,22,hombre,109,capitan
M68274916,Ajay Crosby,CHECOSLOVACA,42,mujer,100,trabajador
F71928610,Wilson Wang,BAHAMEÑA,48,hombre,172,trabajador
Y66004137,Eamon West,LIBANESA,50,mujer,144,capitan
A78888327,Katya Fuentes,GRIEGA,19,mujer,23,trabajador
L35431609,Irving Le,MICRONECIA,42,mujer,17,trabajador
H50643080,Hadi Booth,PAPUENSE,31,mujer,4,trabajador
X53133900,Jenna Carrillo,MARFILEÑA,36,mujer,174,trabajador
H74068805,Nikolas Delaney,CANADIENSE,31,mujer,95,trabajador
B51353951,Lily-Anne Glenn,LITUANIA ,48,mujer,166,capitan
R18693239,Francesco Moore,NEPALESA,41,hombre,10,trabajador
O36283117,Devon Payne,AFGANA,39,mujer,1,trabajador
J81575463,Lenny Clemons,DE BAHREIN,43,hombre,129,trabajador
Z69240469,Mariya Mclean,LIECHTENSTENSE,54,mujer,166,trabajador
B10817169,Guto Carson,BIRMANA,26,mujer,47,trabajador
R69125328,Lina Esquivel,URUGUAYA,56,hombre,204,trabajador
U33904694,Ayomide Wagstaff,KIRGUISTAN,18,mujer,58,trabajador
M92704998,Brielle Riley,SWAZI,56,mujer,216,trabajador
B72428673,Mateusz Tate,BRITANICA,18,mujer,78,trabajador
J74976103,Atif Montoya,LIECHTENSTENSE,20,mujer,223,capitan
P21995042,Izzy Hills,SIRIA,53,hombre,52,trabajador
P77623009,Gabija Cuevas,ALEMANA,51,mujer,132,trabajador
X30944725,Aila Rojas,ZAMBIANA,35,mujer,237,trabajador
L83397600,Kairon Malone,RUMANA,51,mujer,200,trabajador
S52043058,Jaeden Whiteley,SUDANESA,59,hombre,6,trabajador
R10696961,Manuel Frazier,BOLIVIANA,23,mujer,154,capitan
L14254290,Cerys Villanueva,FRANCESA,30,mujer,110,trabajador
Q31063128,Arlene Shepherd,REINO UNIDO,37,hombre,88,trabajador
V80767010,Marcie Ventura,MARROQUI,25,mujer,85,trabajador
S54680341,Rebeca Ortega,MAURITANA,39,mujer,180,trabajador
F93138076,Tyreece Ferry,ZAIRANA,54,mujer,123,trabajador
I10840953,Anisha Thompson,HOLANDESA,58,hombre,192,trabajador
W74949936,Dulcie Dougherty,URUGUAYA,36,mujer,54,capitan
E76672820,Israr Merrill,IRLANDESA,38,mujer,47,trabajador
J57417491,Aliya Busby,LIECHTENSTENSE,55,mujer,222,trabajador
U69216120,Chandni Lee,GABONESA,20,mujer,116,trabajador
W70368576,Abubakar Kennedy,SINGAPORENSE,54,hombre,203,trabajador
H32689676,Aran Mcknight,JAPONESA,28,mujer,88,trabajador
T55172433,Braydon Love,PARAGUAYA,24,hombre,222,capitan
A92262054,Jose Atkinson,MONEGASCA,50,hombre,90,trabajador
N10030016,Lillie-Mai Strong,CANADIENSE,26,hombre,66,trabajador
T57932954,Nichole Sampson,LIBANESA,18,hombre,196,trabajador
C70753523,Wendy Juarez,NAURUANA,54,hombre,96,trabajador
M14941761,Katrina Dorsey,SUIZA,35,hombre,99,trabajador
H52524359,Rupert Trejo,GUINEA ECUATORIANA,59,hombre,202,trabajador
K38325752,Damian Ingram,ETIOPE,56,hombre,163,trabajador
X27438159,Kajal Mohammed,URUGUAYA,54,hombre,131,trabajador
E50678953,Danyaal Chen,BRITANICA,27,hombre,107,trabajador
W31450399,Ashanti Knowles,MEXICANA,32,mujer,102,trabajador
I67572869,Abubakr Kane,FINLANDESA,59,mujer,124,trabajador
R55718801,Riaz Paine,DOMINICA,49,mujer,62,trabajador
J43428501,Luke O'Ryan,DANESA,39,mujer,109,trabajador
X91940209,Inaaya Gibbs,CHINA,46,mujer,75,trabajador
W47619131,Mari Salas,AFGANA,31,hombre,185,trabajador
T73448503,Vernon Duarte,ALEMANA,22,mujer,141,capitan
A86686913,Ilayda Rooney,HINDU,49,hombre,185,trabajador
Y40712795,Michael Elliott,BOLIVIANA,18,mujer,227,trabajador
H12562022,Kunal Harding,GUINEA,60,mujer,134,trabajador
N63553168,Lilia Irwin,MALDIVA,35,mujer,243,trabajador
Q91173561,Ayub Stanley,NORVIETNAMITA,52,hombre,244,trabajador
L59263746,Roseanne Legge,SINGAPORENSE,19,mujer,109,trabajador
B11447843,Tabitha Weber,SUECA,52,mujer,84,trabajador
H76555431,Simran Coombes,SIRIA,18,hombre,244,trabajador
L22142099,Don Lowry,BOTSWANESA,53,mujer,141,trabajador
M72286662,Pia Lozano,NIGERIANA,30,hombre,112,trabajador
N81698204,Wilf Palacios,NICARAGUENSE,49,hombre,211,trabajador
X30343038,Jamaal Brown,MALDIVA,28,hombre,82,capitan
P39499180,Fahim Watts,MEXICANA,22,hombre,22,trabajador
R35674246,Jaydn Martin,REINO UNIDO,37,mujer,149,capitan
B77905753,Reggie Whitfield,MALIENSE,37,hombre,22,trabajador
W74976970,Jesse Drake,MALASIA,59,hombre,68,capitan
M74177787,Amanda Frame,GAMBIANA,59,mujer,199,capitan
W66036096,Elise Lucero,LIBIA,48,hombre,162,trabajador
I74589776,Hester Finnegan,ETIOPE,51,hombre,99,trabajador
M22721791,Sarah-Jane Magana,SUECA,39,mujer,153,trabajador
D36495951,Taslima Wilks,ZAIRANA,58,mujer,153,trabajador
P34307583,Scott Morales,AFGANA,31,hombre,94,capitan
F35407623,Axel Coulson,TAILANDESA,24,hombre,148,trabajador
X29838977,Drew Khan,CUBANA,53,hombre,202,trabajador
J74190201,Danial Christian,MONEGASCA,56,mujer,117,trabajador
U33872549,Jemima Mcleod,NORCOREANA,45,hombre,159,trabajador
R69721142,Pixie Sawyer,SURINAMENSE,50,mujer,70,trabajador
Q78641272,Chance Wynn,ESTONIA,37,hombre,0,capitan
S36562389,Jamie-Leigh Hills,ISRAELI,24,hombre,19,trabajador
X23121300,Phillipa Pena,BHUTANESA,40,mujer,118,trabajador
I83491962,Sabah Tait,REINO UNIDO,38,mujer,231,trabajador
B20196947,Angelina Kirk,MONGOLESA,59,mujer,42,trabajador
G98817535,Hafsa Rosas,ESPAÑOLA,42,mujer,33,trabajador
B27587208,Klara Dean,RUMANA,26,mujer,197,trabajador
V75902595,Gus Hood,MOZAMBIQUEÑA,44,hombre,130,capitan
R84966691,Gracie-Mae Bowman,SIERRA LEONESA,46,mujer,5,trabajador
O58946682,Tylor Kavanagh,SOVIETICA UCRANIANA,21,hombre,217,trabajador
Z67610268,Iestyn Pate,HINDU,19,mujer,138,trabajador
D74887687,Khalid Lin,ZAMBIANA,28,hombre,160,trabajador
B99224848,Kristin Harrington,TANZANIANA,27,mujer,92,trabajador
Y62420085,Emme Mccullough,DOMINICA,55,mujer,0,trabajador
R44920458,Eamonn Frank,BRITANICA,20,mujer,73,trabajador
O85117279,Gabrielle Simons,PAKISTANI,52,mujer,66,trabajador
U70996710,Nicola Goldsmith,ARGELIANA,29,mujer,103,trabajador
B61398372,Franklin Charles,CHINA,48,hombre,52,trabajador
K23504682,Annabel Bryant,BRASILEÑA,51,mujer,147,trabajador
H71951264,Eman Marsden,OMANESA,32,hombre,92,trabajador
N85329885,Tony Guerra,BHUTANESA,53,hombre,165,trabajador
W63285059,Elleanor Lovell,BRASILEÑA,43,mujer,90,trabajador
D62958993,Darcey Sampson,REINO UNIDO,26,hombre,175,capitan
P69442505,Ishmael Figueroa,MALDIVA,43,hombre,30,capitan
J25472208,Pawel Cantu,YEMENI,33,mujer,49,trabajador
T11556036,Tayah Welch,TAIWANESA,24,mujer,125,trabajador
F62685246,Kwabena Velez,ARGENTINA,60,mujer,14,trabajador
Y48446065,Erika Swanson,NICARAGUENSE,51,mujer,228,trabajador
G48612887,Mikaela French,VATICANA,24,hombre,249,trabajador
T48274952,Simeon Sutherland,DE CABO VERDE,24,hombre,127,trabajador
A27196574,Karl Brooks,CHADIANA,36,mujer,73,trabajador
W59567813,Kayne Mcguire,DE BAHREIN,22,mujer,201,trabajador
G59576772,Giacomo Anderson,HAITIANA,39,hombre,175,trabajador
Y47445245,Jax Regan,ISLANDESA,48,hombre,77,trabajador
A93127792,Emilee Sheppard,CANADIENSE,28,hombre,18,trabajador
F82060209,Velma Douglas,RWANDESA,24,mujer,29,capitan
S94646897,Mya Woodward,CANADIENSE,49,mujer,247,trabajador
X56143181,Rhea Lake,PAKISTANI,25,mujer,142,trabajador
I13961912,Randy Irvine,GRIEGA,43,hombre,26,trabajador
F86893510,Sofie Cooper,DE BAHREIN,35,mujer,112,trabajador
N71829231,Ella-Louise Tierney,BELICEÑA,46,hombre,90,trabajador
J25836471,Mohammad Hernandez,BELGA,56,hombre,157,trabajador
C12000940,Fardeen Terrell,LAOSIANA,50,mujer,59,trabajador
V24231409,Cassia Barrera,GUINEA,33,mujer,147,trabajador
E95913254,Clinton Kennedy,MALASIA,58,mujer,163,trabajador
V68439625,Pranav Strong,CAMERUNESA,58,hombre,135,trabajador
T12435687,Tamera Perry,FRANCESA,59,hombre,239,trabajador
S17542103,Rahim Rios,ARGENTINA,46,hombre,87,trabajador
T62458021,Daanyaal Preece,AUSTRALIANA,52,mujer,129,trabajador
K29771672,Kien Herbert,ARGELIANA,33,hombre,170,trabajador
A88052129,Jackson Avalos,ZAMBIANA,34,hombre,61,trabajador
V55086886,Aiysha Holding,GUYANESA,30,mujer,71,trabajador
V35358596,Emre Devine,NORCOREANA,19,hombre,173,trabajador
Q56281794,Conah Reeve,DE ZIMBAWI,24,mujer,225,capitan
Y49630463,Raihan Shannon,EGIPCIA,59,mujer,177,trabajador
L16239489,Farhaan Zamora,KENIANA,57,mujer,170,capitan
V46094550,Arlene Larsen,TRINITARIA,49,mujer,148,trabajador
N79236809,Chelsea Carson,BHUTANESA,60,mujer,81,trabajador
D54522782,Dario Keith,MAURICIANA,54,mujer,21,trabajador
T48086393,Austen Pacheco,ARABE,58,hombre,117,trabajador
C79487402,Agnes Greene,SINGAPORENSE,38,hombre,163,trabajador
V18503080,Kyle Mcfarland,BOTSWANESA,54,hombre,171,trabajador
J21662369,Casper Franco,LIBANESA,42,hombre,127,trabajador
Q39116633,Milena Burt,GABONESA,51,hombre,204,trabajador
W70902585,Blessing Cortes,REINO UNIDO(BRIT. DEL EXT.),51,mujer,222,trabajador
J59221871,Kaif Henry,RUMANA,21,mujer,183,trabajador
G81387601,Ayva Lott,BURUNDESA,38,hombre,185,trabajador
Q40302157,Eathan Abbott,GHANATA,31,mujer,37,trabajador
Q62246069,Larry Bass,SANTA LUCIENSE,38,hombre,100,trabajador
X71642225,Bronwen Fountain,JORDANA,30,hombre,176,trabajador
X15979606,Scarlet Rodriquez,ESLOVENIA,50,hombre,25,trabajador
R41794606,Aviana Bond,MAURICIANA,51,mujer,46,trabajador
H70988509,Rida Huynh,LESOTHENSE,43,hombre,178,trabajador
G92277283,Chad Quintero,MALDIVA,36,mujer,139,trabajador
P10687329,Miguel Downs,MALAWIANA,30,hombre,87,capitan
X45410913,Axel Woods,REINO UNIDO,33,hombre,173,trabajador
V88009042,Ella-May Jeffery,NIGERINA,48,hombre,216,trabajador
X74534091,Mahi Gentry,YEMENI,38,hombre,9,trabajador
V51944597,Yasmin Schofield,GUINEA,57,mujer,11,trabajador
B96929536,Yash Arnold,JAMAIQUINA,58,mujer,136,capitan
M78425830,Samara Garrison,MOZAMBIQUEÑA,34,mujer,65,trabajador
D57194637,Danielius Joseph,TURCA,49,hombre,0,trabajador
Y72894126,Yousif Mcknight,IRAQUI,49,mujer,102,trabajador
W48349381,Hina Daniel,IRANI,54,mujer,178,trabajador
A26589653,Lucas Coulson,GUINEA ECUATORIANA,56,hombre,15,trabajador
U27285118,Koa Meyers,PORTUGUESA,47,mujer,141,trabajador
U12176268,Irene Houston,ALEMANA,53,mujer,96,trabajador
F29559496,Ross Bartlett,IRLANDESA,41,hombre,217,trabajador
F13951238,Laibah Sharma,SAMOANA,32,mujer,190,trabajador
G22901340,Lilia Morrow,GUINEA,44,hombre,82,trabajador
X60027782,Umer Escobar,SAN MARINENSE,41,mujer,185,trabajador
J93152193,Mahad Wilks,SUDANESA,38,mujer,61,trabajador
A99632980,Faizan Spencer,PUERTORRIQUEÑA,19,hombre,38,trabajador
L73550438,Maureen York,AUSTRIACA,26,mujer,230,trabajador
W53137288,Renae Liu,HUNGARA,31,mujer,140,trabajador
E48613121,Ayrton Hibbert,HUNGARA,38,mujer,141,trabajador
R39914552,Cade Hamer,MALASIA,39,hombre,100,trabajador
Z35082300,Jacque Gregory,KUWAITI,33,hombre,15,capitan
C54286034,Alan Davison,DE ZIMBAWI,27,mujer,205,trabajador
S58839507,Carly Christensen,JAPONESA,28,hombre,192,trabajador
R79342213,Hassan Alfaro,SWAZI,22,mujer,13,trabajador
U93228320,Victor Oconnell,AUSTRIACA,57,mujer,76,trabajador
X62775773,Ann Hoffman,ARGELIANA,23,hombre,172,trabajador
M21771881,Jozef Leech,SAN MARINENSE,20,hombre,161,trabajador
S36768422,Albert Andrade,LAOSIANA,30,mujer,108,capitan
R67847596,Alessandro Armitage,MARROQUI,44,hombre,53,trabajador
Y11681437,Vihaan Samuels,NORVIETNAMITA,24,mujer,19,trabajador
Q26753013,Zidan Mosley,GUYANESA,46,mujer,26,trabajador
K96186985,Corben Whitmore,MOLDOVIA,55,hombre,131,capitan
T74766321,Chance Burton,MONEGASCA,48,mujer,181,trabajador
R61544371,Dominika Mackie,MOLDOVIA,60,hombre,169,trabajador
Q89845413,Eoghan Whittle,SALOMONESA,39,mujer,119,trabajador
H18240674,Hunter Clegg,CHECOSLOVACA,54,mujer,185,trabajador
V77812878,Millicent Ellison,RUMANA,43,mujer,25,trabajador
A41933786,Tobey Bean,TAIWANESA,57,mujer,201,trabajador
S52555979,Saskia Vaughan,MALAWIANA,56,hombre,16,trabajador
H77386222,Asia Mclean,LAOSIANA,59,hombre,1,capitan
F84909065,Dylan Bloggs,MALIENSE,33,hombre,68,trabajador
J12073077,Martin Wood,LIBIA,35,hombre,78,trabajador
M40245776,Zarah Avila,DE BARBADOS,38,hombre,65,trabajador
U48804800,Kameron Parsons,ISRAELI,43,mujer,64,capitan
F68273821,Persephone Hudson,GRANADINA,25,mujer,124,trabajador
L77622942,Ashleigh Patton,PORTUGUESA,51,hombre,24,trabajador
M38161500,Ryder Berger,HAITIANA,59,mujer,69,trabajador
O84277606,Benas Lam,AUSTRALIANA,25,mujer,88,trabajador
F69585209,Dolly Cairns,VENEZOLANA,20,mujer,81,trabajador
Q61982096,Hollie Read,MACEDONIA,59,hombre,88,trabajador
J56553199,Kory Peel,LESOTHENSE,37,mujer,178,trabajador
V45882809,Johnnie Sexton,DE SEYCHELLES,55,hombre,222,trabajador
F18210761,Luka Mays,MARFILEÑA,55,mujer,216,trabajador
F55010630,Hugo Haynes,PORTUGUESA,22,mujer,189,trabajador
L29047941,Ellise Berry,NAMIBIANA,47,hombre,190,trabajador
P15124982,Luke Graham,GUINEA,37,mujer,50,trabajador
W34080276,Ailish Ferrell,SALVADOREÑA,49,mujer,191,trabajador
F64344584,Sneha Macgregor,TOGOLESA,26,hombre,96,trabajador
Y23525607,Sienna-Rose Bass,PARAGUAYA,22,hombre,113,trabajador
J37639326,Arsalan Acosta,FILIPINA,27,mujer,43,trabajador
B30957386,Izabella Devlin,MALAWIANA,56,hombre,0,trabajador
K11864885,Dainton Hubbard,PAKISTANI,36,hombre,241,trabajador
T19082779,Billy Burrows,OMANESA,36,mujer,167,capitan
O81303033,Dominik Christie,GRIEGA,54,hombre,193,trabajador
C25483960,Kenya Chamberlain,CHILENA,18,hombre,90,trabajador
F41066051,Aamina Adam,BELGA,58,hombre,107,trabajador
Z39409745,Emir Dalton,ESLOVACA,54,hombre,204,trabajador
S65545547,Ramone William,CHIPRIOTA,49,mujer,189,trabajador
H60319485,Nolan Davila,CUBANA,52,mujer,171,trabajador
W59719049,Aimee Hendricks,DE CABO VERDE,41,mujer,150,trabajador
Z39477666,Shoaib Ford,BURUNDESA,53,mujer,158,capitan
O27293489,Erik Mayo,IRANI,52,mujer,126,trabajador
P41923009,Yasir Talley,RUMANA,42,mujer,205,trabajador
H77749573,Rae Singleton,KUWAITI,55,hombre,66,trabajador
B93001900,Charley Mcfarlane,MOZAMBIQUEÑA,37,hombre,194,trabajador
C61251487,Henri Wilson,SOVIETICA UCRANIANA,43,mujer,37,trabajador
N57074241,Safia Villa,SUDCOREANA,25,mujer,235,trabajador
A79049716,Nancie Chapman,LIBANESA,23,hombre,193,capitan
R89307152,Brennan Richardson,EGIPCIA,27,mujer,174,trabajador
H74217688,Ayda Bates,MALTESA,48,mujer,220,trabajador
S34427761,Shana Blankenship,SIERRA LEONESA,30,hombre,79,trabajador
V93229650,Elleanor Michael,YUGOSLAVA,28,mujer,234,capitan
Z16927017,Maksymilian Jacobs,PAKISTANI,52,hombre,45,trabajador
Z70896232,Aleeza White,SUDCOREANA,52,mujer,23,trabajador
B45393192,Garrett Goodwin,GRIEGA,34,hombre,57,trabajador
K11003990,Zhane Love,DOMINICA,20,mujer,139,trabajador
Y86316326,Joss Barber,COSTARRICENSE,42,hombre,47,trabajador
U42475060,Leyla Phan,NORVIETNAMITA,34,mujer,78,trabajador
S56194608,Diane Skinner,MACEDONIA,56,mujer,4,capitan
W32270599,Shazia Henry,COMORENSE,23,mujer,125,capitan
B64263142,Noah Zuniga,BULGARA,50,mujer,134,trabajador
L39691754,Madina Salter,ESLOVAQUIA,44,hombre,101,trabajador
U14154176,Rudra Blackburn,MOZAMBIQUEÑA,42,mujer,121,capitan
T56398813,Teegan Caldwell,ESTADOUNIDENSE,21,mujer,136,trabajador
B97849089,Umayr Lees,BIRMANA,59,mujer,118,trabajador
C21144652,Ty Tierney,SENEGALESA,23,hombre,176,trabajador
N58473121,Haniya Neale,BULGARA,47,hombre,76,trabajador
Q40560753,Addison Crowther,BOTSWANESA,39,hombre,103,trabajador
I36619907,Luc Kane,MONGOLESA,34,hombre,193,trabajador
X11378134,Sherri Weeks,GABONESA,28,mujer,121,trabajador
L52626275,Estelle Ayala,SUECA,38,hombre,28,trabajador
F12584447,Eliot Gibson,BAHAMEÑA,58,hombre,145,trabajador
E79310984,Akram Pena,CHIPRIOTA,41,mujer,16,trabajador
D90886133,Skyla Ferrell,SURINAMENSE,57,mujer,185,capitan
Y88192910,Eshaan Simon,REINO UNIDO,28,hombre,230,capitan
A20675685,Rhian Flowers,AUSTRIACA,36,mujer,97,trabajador
C30077464,Alastair Carey,NIGERINA,25,mujer,153,trabajador
U37538934,Allegra Melendez,MALASIA,18,hombre,215,trabajador
K48222874,Haydon Frame,KUWAITI,52,hombre,141,trabajador
N98888249,Sahil Blackwell,BHUTANESA,41,hombre,69,trabajador
K41763126,Ami Estrada,TRINITARIA,18,mujer,137,capitan
A38534494,Zander Barron,REINO UNIDO,42,hombre,4,trabajador
M14701297,Phillipa Jensen,ARABE,27,mujer,37,trabajador
G11887618,Vicki Walmsley,SALOMONESA,58,mujer,56,trabajador
G94494936,Charlotte Mercer,MAURICIANA,33,mujer,158,trabajador
T17999319,Brennan Bone,EGIPCIA,54,mujer,92,trabajador
K38048592,Sama Perry,ANGOLESA,21,mujer,149,trabajador
S62963313,Jared Keller,ISRAELI,19,mujer,8,trabajador
H97280086,Vera Brown,GHANATA,35,hombre,235,trabajador
P76015596,Cinar Brady,DE CABO VERDE,59,mujer,233,trabajador
Y80713335,Karen Oneil,PARAGUAYA,52,hombre,7,trabajador
L66422553,Gethin Wormald,ETIOPE,20,hombre,94,trabajador
R78750474,Andreea Knapp,NAMIBIANA,55,hombre,136,trabajador
O98430727,Gabriel Jones,HUNGARA,32,mujer,222,trabajador
F46960416,Devante Ortiz,SOVIETICA UCRANIANA,20,mujer,127,trabajador
T72933979,Alisa Potter,ZAMBIANA,22,mujer,150,capitan
X43264143,Zahrah Graves,SURINAMENSE,24,hombre,125,trabajador
M27563604,Sophie-Louise Rollins,NAMIBIANA,32,mujer,22,trabajador
C48673298,Billy-Joe Duffy,SWAZI,28,hombre,112,trabajador
D61705061,Elisha Ellis,MALASIA,43,hombre,122,trabajador
V96699134,Grayson Phelps,BOTSWANESA,25,hombre,23,trabajador
Q27263029,Elizabeth Derrick,HONDUREÑA,53,hombre,157,trabajador
H16441869,Kennedy Salgado,KIRGUISTAN,42,hombre,52,capitan
Q89389311,Wilbur Zuniga,SURINAMENSE,33,mujer,58,trabajador
U19901061,Sulayman Mustafa,MOLDOVIA,41,mujer,0,trabajador
M67903414,Tye Gilliam,ISRAELI,38,hombre,87,trabajador
Q67899814,Alexandria Farmer,COMORENSE,42,mujer,215,trabajador
F26385666,Caoimhe Chavez,AUSTRALIANA,51,mujer,184,trabajador
X82331557,Isaac Huber,DEL QATAR,20,mujer,126,capitan
H68402128,Kloe Shaffer,MARFILEÑA,45,hombre,157,trabajador
K20924077,Kyan Phillips,BELGA,56,mujer,150,trabajador
Q52797482,Kareem Espinoza,DE BENNIN,48,mujer,135,trabajador
D47203149,Layla-Mae Knight,GRANADINA,45,hombre,198,trabajador
Y91126724,Arthur Huffman,HUNGARA,19,hombre,75,trabajador
S25550844,Issa Rankin,YUGOSLAVA,37,mujer,31,capitan
B59816110,Sahra Leon,VENEZOLANA,32,mujer,114,trabajador
Q83101040,Edan Schmidt,COMORENSE,30,hombre,46,trabajador
R13795454,Marc Gilmore,SUDANESA,27,mujer,60,capitan
M90986443,Breanna Landry,ITALIANA,43,mujer,139,trabajador
H17172762,Sheila Duarte,ALEMANA,50,mujer,99,trabajador
O82932366,Neel Wilson,CHINA,57,mujer,86,trabajador
K55832601,Kayson Tran,KUWAITI,35,hombre,109,trabajador
I15045337,Zuzanna Morrison,BELICEÑA,47,hombre,237,trabajador
T91606876,Divine Hardy,YUGOSLAVA,25,mujer,82,trabajador
B12038382,Mohamed Slater,FIJIANA,37,hombre,77,trabajador
P96299780,Nicholas Bernard,LIBERIANA,42,mujer,142,trabajador
Q15931660,Dainton Calvert,NIGERINA,43,mujer,147,trabajador
K45735769,Poppy-Rose Read,ANGOLESA,34,mujer,69,trabajador
L43548040,Nabeel Acevedo,NIGERIANA,51,hombre,152,trabajador
K11961239,Riyad Raymond,DE BAHREIN,51,mujer,86,trabajador
G29133284,Macauley Sexton,NEPALESA,41,hombre,27,trabajador
V60931739,Diogo Baker,HINDU,59,mujer,68,trabajador
V50315885,Kory Fernandez,ESPAÑOLA,44,mujer,177,trabajador
K26449991,Edward Humphries,UGANDESA,45,mujer,77,capitan
Y20965642,Paige Jaramillo,BRASILEÑA,29,mujer,53,trabajador
Y86570054,Kamil Clayton,TAILANDESA,33,mujer,10,trabajador
E47448781,Cassie Benton,ESLOVACA,36,hombre,194,capitan
U66924527,Teri Finch,LAOSIANA,59,hombre,120,capitan
Z65517941,Sophia Berg,SALVADOREÑA,38,hombre,11,capitan
Z81082204,Fleur Salazar,HINDU,31,hombre,0,trabajador
W84619587,Arissa Bowler,MONEGASCA,38,mujer,162,trabajador
X98037398,Mitchel Chen,SWAZI,32,mujer,113,trabajador
C96663013,Lynsey Redmond,HOLANDESA,24,hombre,5,trabajador
M21596637,Jamaal Glover,DOMINICANA,25,hombre,22,trabajador
U19228535,Paloma Hahn,ESPAÑOLA,53,hombre,14,trabajador
J30413701,Lacie-Mae Ray,CAMBOYANA,35,hombre,163,trabajador
C97098157,Rumaysa Smart,GUYANESA,53,mujer,88,trabajador
V26386082,Abel Potts,LIBANESA,38,mujer,46,trabajador
M15764022,Ciara Prosser,IRAQUI,29,mujer,246,trabajador
E80101428,Kara Vinson,ISLANDESA,47,mujer,179,capitan
K91232911,Amina Christensen,DOMINICA,18,hombre,224,trabajador
W84662866,Aqib Horton,NICARAGUENSE,45,hombre,134,trabajador
L42104285,Kingston Oconnor,DE BAHREIN,40,mujer,88,trabajador
O81415487,Gerald Mosley,SURINAMENSE,59,mujer,116,trabajador
H19460102,Herman Fitzpatrick,ITALIANA,22,mujer,31,trabajador
I15327232,Isla-Rose Travis,SALVADOREÑA,54,hombre,176,trabajador
P50994894,Elsa Findlay,SALVADOREÑA,23,hombre,53,trabajador
H52768863,Henley Salt,ITALIANA,36,hombre,117,trabajador
M23966555,Amira Duran,ARGENTINA,18,hombre,217,trabajador
F13974785,Vincent Velasquez,SALVADOREÑA,23,hombre,103,trabajador
I95652889,Deborah Mcdowell,GUYANESA,47,hombre,25,trabajador
C91112222,Cheyenne Tillman,YUGOSLAVA,33,hombre,57,trabajador
S11031665,Leen Proctor,LIBIA,59,hombre,212,capitan
V51518398,Kirsten Ashton,BIRMANA,58,hombre,156,trabajador
Z51759042,Gary Hodges,GUINEA,55,mujer,53,trabajador
B63521942,Lylah Lindsay,TURCA,39,mujer,112,trabajador
G52163057,Phebe Thorne,GAMBIANA,37,hombre,88,trabajador
U17303950,Will Compton,SINGAPORENSE,48,hombre,197,trabajador
V76582906,Ceara Branch,TANZANIANA,55,mujer,235,trabajador
D40668412,Dania Baldwin,ESTADOUNIDENSE,36,mujer,186,trabajador
Z64954564,Zainab Leigh,AUSTRALIANA,43,hombre,38,trabajador
N84232868,Yasemin Strickland,ZAMBIANA,22,hombre,121,trabajador
G70058268,Lori Crawford,SOVIETICA UCRANIANA,36,mujer,185,trabajador
G59250880,Elana Thomson,SUDAFRICANA,36,mujer,138,trabajador
J58429507,Kya Wall,ALEMANA,26,mujer,137,trabajador
X91970776,Jaidan Sparrow,NIGERINA,57,hombre,115,trabajador
J52509436,Wiktoria Ferreira,AUSTRALIANA,48,mujer,18,trabajador
E37210159,Rebecca Rice,ISRAELI,30,hombre,93,capitan
E55021195,Amman Rivera,BURKINA FASO,60,hombre,172,trabajador
V42959743,Lillian Maguire,TUNECINA,24,mujer,99,trabajador
N26184586,Jada Fisher,GUINEA,33,mujer,238,trabajador
Q38122183,Conna Hartley,ZAMBIANA,52,hombre,127,trabajador
D33460699,Tillie Devine,INDONESA,29,mujer,244,capitan
Y45945019,Iestyn Henry,KIRGUISTAN,18,hombre,229,capitan
P49098038,Eileen Wolf,ISRAELI,58,mujer,137,trabajador
I61164574,Barbara Norman,BHUTANESA,27,hombre,31,trabajador
Z93920529,Pollyanna Estrada,NAMIBIANA,28,mujer,179,trabajador
I76314419,Chris Bonner,LIBANESA,19,hombre,239,trabajador
V64493595,Romany Finnegan,PORTUGUESA,50,hombre,70,capitan
B48412354,Malakai Hanson,GUINEA,49,mujer,84,trabajador
X92505390,Henley Knox,BULGARA,43,mujer,98,trabajador
S30095111,Kathy Fernandez,RWANDESA,46,hombre,146,trabajador
J73336500,Leland Pritchard,GABONESA,50,hombre,66,trabajador
G39904048,Luke Mcneil,ESTONIA,46,hombre,159,trabajador
A86425933,Jez Vinson,GUINEA ECUATORIANA,57,hombre,142,trabajador
H66720894,Miya Thorpe,TANZANIANA,35,hombre,142,trabajador
S41299323,Devante Sumner,OMANESA,33,hombre,108,trabajador
I98876536,Saxon Beach,ITALIANA,18,mujer,235,trabajador
T36453293,Wilson Norris,LITUANIA ,33,mujer,78,trabajador
P16592738,Havin Johnson,AUSTRIACA,42,hombre,201,trabajador
D39950667,Virgil Gough,CHIPRIOTA,57,mujer,33,trabajador
V41581736,Anam North,COLOMBIANA,32,mujer,200,capitan
D55276623,Kealan Franco,KENIANA,54,mujer,45,capitan
P43172347,Elena Donald,SURINAMENSE,25,hombre,231,trabajador
P52379994,Sophia Miles,HAITIANA,55,mujer,71,trabajador
Y50357706,Ines Swanson,SWAZI,54,hombre,237,capitan
Z21021293,Zac Tierney,REINO UNIDO,35,hombre,247,trabajador
O64359907,Rachael Mccartney,NAMIBIANA,26,hombre,3,trabajador
S42985830,Zubair Odonnell,GUYANESA,47,mujer,140,capitan
K85468974,Tiarna Short,BURUNDESA,55,mujer,16,trabajador
P18446920,Wilma Reese,SUIZA,57,hombre,117,trabajador
U50048801,Kendal Valdez,ESTONIA,25,mujer,224,trabajador
M39242047,Noa Rocha,BOLIVIANA,48,hombre,110,trabajador
X80116169,Charlize Alcock,DE SANTO TOME,38,hombre,34,trabajador
F38855475,Ben Randolph,TUNECINA,19,hombre,22,trabajador
T13945110,Grover Ferrell,SAN MARINENSE,31,mujer,18,trabajador
F95882692,Kristie Buckley,PAPUENSE,49,hombre,74,trabajador
Q70863892,Melina Osborn,MALDIVA,25,hombre,83,trabajador
O33861968,Misha Mathews,AMERICANA,29,hombre,215,trabajador
Z53032258,Aeryn Kaiser,ZAMBIANA,20,mujer,123,trabajador
J68640174,Woody Banks,GRANADINA,25,mujer,199,trabajador
Z64414223,Tamara Meyers,PAPUENSE,25,mujer,103,capitan
P61086155,Cavan Howells,TRINITARIA,32,hombre,99,capitan
P30793818,Bret Emerson,PARAGUAYA,29,hombre,62,trabajador
K30677562,Miles Boyle,DE SANTO TOME,22,mujer,218,trabajador
X24210550,Haiden Grimes,SUIZA,36,hombre,194,trabajador
D90715023,Mohsin Suarez,TUNECINA,60,hombre,76,trabajador
E10833391,Milosz Walton,SINGAPORENSE,18,hombre,248,capitan
L18673955,Erin Reyes,SIRIA,25,mujer,183,trabajador
H89652178,Emmett Wu,INDONESA,27,mujer,132,trabajador
Y15695568,Scott Dupont,PARAGUAYA,46,hombre,37,trabajador
Q33775782,Akshay Childs,MOZAMBIQUEÑA,54,hombre,83,trabajador
S25634429,Riya Nichols,PANAMEÑA,54,hombre,214,trabajador
R68569887,Aleesha Gonzalez,NICARAGUENSE,25,mujer,216,trabajador
K94722421,Blanche Irwin,ZAIRANA,47,mujer,95,capitan
I81977975,Kaleb Buck,ZAIRANA,21,mujer,212,trabajador
T67930846,Ernest Delaney,BURKINA FASO,42,mujer,207,capitan
M19914728,Patsy Whitworth,SIERRA LEONESA,19,mujer,146,trabajador
J87388807,Esme-Rose Bouvet,REINO UNIDO,52,mujer,113,trabajador
Q46871617,Diego Rivas,CHILENA,36,mujer,71,trabajador
M71674565,Raife Cisneros,SIERRA LEONESA,42,mujer,173,trabajador
X18888240,Coral Fischer,PORTUGUESA,49,mujer,58,trabajador
C57695203,Ananya Proctor,NIGERINA,42,hombre,186,trabajador
W55909833,Farrell Ochoa,NAURUANA,58,hombre,67,trabajador
I93183047,Alivia Harmon,JORDANA,50,mujer,135,trabajador
E32561867,Sofie Frame,MALDIVA,27,mujer,127,trabajador
P33358213,Ember Barclay,HINDU,26,mujer,117,trabajador
Q88546277,Adyan Gaines,AMERICANA,19,mujer,96,trabajador
P96524778,Mikaeel Sharp,SWAZI,46,hombre,229,trabajador
J44112329,Eshan Lamb,SAN MARINENSE,41,hombre,181,trabajador
H56479198,Lola Clayton,TOGOLESA,57,mujer,183,trabajador
D64619991,Oliver Tanner,BELICEÑA,21,mujer,52,trabajador
C50103864,Theia Nash,CONGOLESA,41,hombre,229,trabajador
K38747041,Reema Cox,ARGELIANA,18,hombre,163,trabajador
M93397516,Sherri Holden,HONDUREÑA,52,mujer,91,capitan
D15088868,Cheryl Houghton,ZAMBIANA,31,mujer,132,capitan
Q42757121,Zephaniah Hicks,CHECOSLOVACA,23,hombre,239,trabajador
H78731055,Carmel Camacho,BAHAMEÑA,42,mujer,232,trabajador
H25765941,Ailish Rosas,LIBANESA,36,hombre,111,trabajador
T75045815,Amalia Broadhurst,GRIEGA,53,hombre,117,trabajador
F43189471,Nolan Connelly,MICRONECIA,41,hombre,41,trabajador
M23195986,Oriana Richmond,PAPUENSE,33,hombre,73,trabajador
H59461332,Sabrina Flynn,MARFILEÑA,33,hombre,96,trabajador
J22719557,Ava Magana,CANADIENSE,41,hombre,85,trabajador
P77071543,Samera Espinoza,LITUANIA ,30,hombre,186,trabajador
Z49208250,Lucinda Mooney,NEPALESA,35,hombre,115,trabajador
N54392116,Connagh Turnbull,AFGANA,32,mujer,172,capitan
R83022086,Shantelle Mejia,DE BAHREIN,40,hombre,175,trabajador
A22830260,Aneesah Meyer,LIECHTENSTENSE,23,hombre,95,trabajador
E11799224,George Costa,BIRMANA,42,hombre,219,capitan
I77690464,Ellesha Alford,URUGUAYA,31,hombre,115,trabajador
Z80228036,Marcel Dillon,KIRGUISTAN,36,mujer,122,capitan
I36965140,Imaad Barnes,SWAZI,38,hombre,68,trabajador
S31809526,Habib Wagner,BRITANICA,58,mujer,2,trabajador
P28129448,Aanya Pham,LIECHTENSTENSE,19,hombre,150,trabajador
V19354825,Chanel Brock,SIRIA,19,hombre,137,trabajador
C18219644,Khalid Watson,ALEMANA,52,hombre,84,trabajador
M92953962,Talha Maguire,ZAMBIANA,37,hombre,206,trabajador
Y71450811,Tasha Ridley,RUMANA,55,hombre,25,trabajador
D80875979,Eliana O'Quinn,SUDANESA,25,mujer,85,capitan
Y64764806,Norma Robin,BOLIVIANA,38,mujer,112,capitan
J59091515,Jaxson Legge,FRANCESA,26,hombre,217,trabajador
B96418694,Montel Crane,REINO UNIDO,31,mujer,245,trabajador
E97634230,Ammarah Willis,MARROQUI,18,mujer,110,trabajador
H54227583,Noel Warren,MAURITANA,33,hombre,210,trabajador
T34993364,Mahi Dupont,ZAIRANA,22,mujer,176,trabajador
O43096030,Holli Jaramillo,HOLANDESA,56,hombre,84,trabajador
W45263887,Aleyna Curry,URUGUAYA,57,mujer,12,trabajador
Y22908576,Tyson East,IRLANDESA,39,hombre,72,capitan
K32583749,Tonya Wilkins,LIECHTENSTENSE,58,hombre,187,capitan
J29953266,Nafeesa Boyle,GABONESA,60,hombre,102,capitan
K58853972,Jameel Quinn,SINGAPORENSE,21,mujer,107,trabajador
Q91974018,Alia Daniels,JAPONESA,55,mujer,122,trabajador
R53934827,Miyah Donald,PARAGUAYA,28,mujer,177,trabajador
C43094431,Koa Le,MONEGASCA,38,mujer,65,trabajador
H95880960,Raiden Cairns,CANADIENSE,28,hombre,5,capitan
L62301948,Angus Plummer,LIBANESA,28,hombre,230,trabajador
C35680280,Julie Rodriquez,NAURUANA,55,mujer,11,trabajador
X98523776,Cristian Barron,SUIZA,22,mujer,47,trabajador
F15613610,Lyle Pate,GUINEA ECUATORIANA,53,mujer,2,trabajador
Q91915032,Tobias Partridge,ETIOPE,56,hombre,61,capitan
V60764222,Sarah-Jane Cherry,URUGUAYA,18,hombre,149,trabajador
S75558443,Lynsey Sears,BRITANICA,29,hombre,39,capitan
Q35652318,Shakeel Lam,MEXICANA,23,mujer,116,capitan
B15207104,Kelvin Cervantes,FINLANDESA,34,mujer,172,trabajador
Y67770169,Denise Gordon,DOMINICA,27,hombre,155,trabajador
Z89168974,Irfan Dickinson,DANESA,50,hombre,2,capitan
S31711852,Alastair Wilkes,CHINA,34,hombre,12,trabajador
C58646385,Brandi Stamp,AFGANA,21,hombre,49,trabajador
I34794437,Fenella Wickens,ALEMANA,19,mujer,20,capitan
Z22643979,Emilija Stewart,HINDU,54,hombre,27,trabajador
E49574564,Melina Briggs,BOLIVIANA,22,hombre,198,capitan
I14560493,Teegan Hooper,GUINEA,42,mujer,216,trabajador
U94425738,Sahara Hess,MALDIVA,36,hombre,86,trabajador
H44107345,Filip Ortega,NORVIETNAMITA,39,hombre,37,trabajador
J88383831,Benito Beaumont,SINGAPORENSE,60,mujer,163,trabajador
O20562020,Frances Young,SUECA,27,hombre,204,capitan
L62234267,Padraig Humphreys,SIRIA,54,mujer,58,capitan
Y86372859,Ameena Wallace,BOTSWANESA,20,mujer,215,trabajador
C28894089,Bailey Hamilton,NIGERIANA,33,mujer,84,trabajador
L65568802,Ace Walton,NICARAGUENSE,48,hombre,210,trabajador
Q27389411,Beverley Sharp,MALDIVA,45,mujer,194,trabajador
A83437055,Shay Baird,MEXICANA,26,mujer,46,capitan
J63004751,Uzma Green,REINO UNIDO,19,hombre,103,trabajador
I33929157,Alishba Potter,MALIENSE,45,hombre,248,trabajador
E74931410,Suzanna Bean,MALASIA,23,hombre,204,trabajador
M22599508,Theia Churchill,GAMBIANA,21,hombre,214,trabajador
N49133392,Francesco Parrish,LIBIA,39,mujer,241,capitan
P44337852,Ariana Cleveland,ETIOPE,26,hombre,176,trabajador
O50692935,Izabel Jeffery,SUECA,30,hombre,245,trabajador
J73623481,Macy Mueller,ZAIRANA,31,hombre,33,trabajador
A88844603,Kabir Hurst,AFGANA,21,mujer,214,trabajador
Z98988713,Zayna Mill,TAILANDESA,23,mujer,217,trabajador
J59950077,Christian Rosales,CUBANA,57,hombre,127,trabajador
F74047444,Ibrahim O'Reilly,MONEGASCA,49,mujer,137,trabajador
F95552155,Franklin Whitney,NORCOREANA,49,hombre,30,trabajador
O71022549,Wilson Huff,SURINAMENSE,20,mujer,141,trabajador
G54657901,Ayana Decker,ESTONIA,21,mujer,232,trabajador
C61655882,Hana Vu,ISRAELI,39,mujer,99,trabajador
K12654398,Alejandro Trujillo,BHUTANESA,57,mujer,191,capitan
V43692324,Ayomide Hutton,REINO UNIDO,36,mujer,79,trabajador
D23850707,Zion Hampton,MONGOLESA,40,hombre,139,trabajador
R92063116,Jett Becker,ESPAÑOLA,24,hombre,115,capitan
S12023826,Radhika Dudley,RUMANA,33,hombre,184,trabajador
H14216032,John-James Hood,MOZAMBIQUEÑA,23,hombre,25,capitan
E15311496,Gwion Chan,SIERRA LEONESA,23,mujer,183,trabajador
G40799282,Komal Stephenson,SOVIETICA UCRANIANA,49,mujer,198,trabajador
L22938365,Dennis Haynes,HINDU,54,hombre,19,trabajador
D14950542,Kieran Mcmanus,ZAMBIANA,26,mujer,0,trabajador
E68580309,Kean Nicholls,TANZANIANA,49,mujer,36,capitan
S73126291,Tai Robles,DOMINICA,57,mujer,181,trabajador
H25917362,Ayush Moss,BRITANICA,22,mujer,21,capitan
G56673931,Etienne Butler,PAKISTANI,50,mujer,133,trabajador
I79947265,Caolan Espinoza,ARGELIANA,34,hombre,148,trabajador
U68460971,Clementine Sheldon,CHINA,56,mujer,98,trabajador
E93314712,Enya Boone,BRASILEÑA,30,mujer,137,trabajador
O84026147,Zayd Fellows,OMANESA,47,mujer,113,capitan
I69758453,Emmie Talley,BHUTANESA,54,mujer,191,trabajador
P67850230,Sachin Jenkins,BRASILEÑA,46,hombre,38,trabajador
I12399792,Roxy Mccall,REINO UNIDO,24,mujer,142,capitan
X27674093,Danica Cardenas,MALDIVA,22,hombre,177,trabajador
H21742994,Poppy Leon,YEMENI,26,mujer,162,trabajador
W59784575,Cai Gallagher,TAIWANESA,46,mujer,14,trabajador
K41896189,Ashton Branch,ARGENTINA,57,hombre,81,trabajador
W75181933,Huma Newton,NICARAGUENSE,55,hombre,162,trabajador
U71056694,Ernest Rollins,VATICANA,49,hombre,54,trabajador
Z94575494,Rayan Hewitt,DE CABO VERDE,59,hombre,16,trabajador
P34487801,Musa Rayner,CHADIANA,45,mujer,64,trabajador
Y26687661,Kason Jenkins,DE BAHREIN,22,hombre,213,trabajador
P62521786,Garin Hills,HAITIANA,43,mujer,180,capitan
H25875897,Cooper Lucas,ISLANDESA,32,mujer,119,trabajador
E36506226,Aronas Hatfield,CANADIENSE,49,mujer,233,trabajador
H15179611,Huma Valentine,RWANDESA,25,mujer,42,trabajador
H81111869,Suzannah Mcphee,CANADIENSE,34,hombre,185,trabajador
F69350912,Nelly Moyer,PAKISTANI,30,hombre,16,trabajador
D16642175,Nadia Bush,GRIEGA,25,mujer,99,trabajador
K47765385,Noah Dotson,DE BAHREIN,57,mujer,224,trabajador
H60519333,Daniella Medrano,BELICEÑA,27,mujer,228,trabajador
M70221947,Marwa Hopkins,BELGA,60,hombre,33,trabajador
M41203201,Hajrah Hansen,LAOSIANA,19,hombre,22,trabajador
Y93670902,Eloise Hinton,GUINEA,50,hombre,7,capitan
J17125181,Arlo Fraser,MALASIA,49,mujer,151,trabajador
X82519989,Zack Tang,CAMERUNESA,34,mujer,210,capitan
N78674089,Maddison Chung,FRANCESA,50,hombre,89,trabajador
Y81002144,Maisey Lawrence,ARGENTINA,40,mujer,96,trabajador
O63984931,Zubair Kay,AUSTRALIANA,39,mujer,180,trabajador
L69265815,Eben Power,ARGELIANA,29,hombre,29,trabajador
E54691162,Elizabeth Yu,ZAMBIANA,39,hombre,236,trabajador
R60669083,Phillipa Archer,GUYANESA,48,hombre,164,trabajador
O66263196,Bilaal Novak,NORCOREANA,37,mujer,57,trabajador
K57095440,Ananya Sherman,DE ZIMBAWI,22,hombre,131,trabajador
K38336985,Aston Berg,EGIPCIA,18,mujer,41,capitan
X71965468,Alexa Henderson,KENIANA,32,mujer,160,capitan
L34669447,Aairah Larsen,TRINITARIA,27,hombre,108,trabajador
N68371627,Christos Sharma,BHUTANESA,29,mujer,214,trabajador
X47728816,Betty Whittington,MAURICIANA,39,hombre,66,trabajador
A71445978,Adnaan Corona,ARABE,57,hombre,78,capitan
X76165312,Raya Dejesus,SINGAPORENSE,57,hombre,182,trabajador
E74162962,Eric Caldwell,BOTSWANESA,52,hombre,91,trabajador
Z71264239,Lillie-May Hammond,LIBANESA,43,hombre,58,trabajador
I60955054,Vivienne Herrera,GABONESA,40,hombre,147,capitan
J25372468,Rea Alvarado,REINO UNIDO(BRIT. DEL EXT.),40,hombre,198,trabajador
M15728697,Tymon Gaines,RUMANA,60,mujer,103,trabajador
B26662981,Janelle Dickerson,BURUNDESA,52,mujer,118,trabajador
Y11005141,Tianna Sharp,GHANATA,26,mujer,99,trabajador
F13271498,Maariya Wagstaff,SANTA LUCIENSE,30,mujer,49,trabajador
G91606013,Joao Blundell,JORDANA,18,hombre,73,trabajador
L13188887,Anabella Ramirez,ESLOVENIA,44,hombre,82,trabajador
T64648589,Aleksandra Pena,MAURICIANA,24,hombre,1,trabajador
G23184399,Chante Frederick,LESOTHENSE,37,hombre,141,trabajador
S52351362,Maksim Booker,MALDIVA,27,hombre,184,trabajador
W22842219,Alivia Ball,MALAWIANA,36,mujer,108,trabajador
A22997803,Cari Fields,REINO UNIDO,48,hombre,225,trabajador
K89362716,Veronica Ali,NIGERINA,47,hombre,165,trabajador
P33323816,Maiya Stout,YEMENI,60,hombre,195,trabajador
L56259815,Judah Buck,GUINEA,43,mujer,133,trabajador
G94153544,Fabio Hooper,JAMAIQUINA,36,mujer,197,capitan
W82320661,Ryan David,MOZAMBIQUEÑA,58,hombre,36,trabajador
L78231211,Darcie-Mae Dowling,TURCA,43,hombre,57,trabajador
F42449248,Inigo Haley,IRAQUI,26,mujer,221,capitan
K68311115,Deborah Dunne,IRANI,42,mujer,145,capitan
A50484842,Kendal Mcfadden,GUINEA ECUATORIANA,22,hombre,169,trabajador
D26409712,Charis Lin,PORTUGUESA,26,hombre,50,trabajador
H90600071,Chantel Hayden,ALEMANA,38,mujer,232,trabajador
P10218355,Nazia Redfern,IRLANDESA,26,hombre,224,trabajador
W92234185,Tabatha Flores,SAMOANA,53,mujer,96,trabajador
F49614247,Bella-Rose Hussain,GUINEA,25,mujer,159,trabajador
O32713950,Evelina Galindo,SAN MARINENSE,29,mujer,71,trabajador
T82792472,Yuvaan Roberson,SUDANESA,26,mujer,105,trabajador
R59889162,Rahima Lowry,PUERTORRIQUEÑA,41,mujer,144,trabajador
C97863755,Caitlin Blair,AUSTRIACA,26,hombre,109,trabajador
F51141639,Fabian Walls,HUNGARA,33,hombre,30,trabajador
G59577030,Miguel Crane,HUNGARA,60,mujer,169,trabajador
I88892388,Lia Humphrey,MALASIA,21,hombre,26,trabajador
M69113431,Sheena Perry,KUWAITI,31,hombre,237,trabajador
F19346482,Emme Fischer,DE ZIMBAWI,29,mujer,35,capitan
O13449416,Isra Pruitt,JAPONESA,22,hombre,81,trabajador
D26044036,Nuha Davila,SWAZI,24,hombre,216,capitan
E96622189,Halimah Chaney,AUSTRIACA,31,hombre,171,trabajador
M16794912,Matthias Waller,ARGELIANA,33,mujer,163,trabajador
H63425329,Maisha Davis,SAN MARINENSE,51,hombre,164,capitan
H48785745,Oluwatobiloba Mac,LAOSIANA,30,mujer,19,trabajador
F27429636,Lewie Pearson,MARROQUI,44,hombre,44,trabajador
U65928011,Kayden Gunn,NORVIETNAMITA,54,mujer,126,trabajador
W68251412,Ellen Downes,GUYANESA,22,hombre,137,trabajador
E17897945,Axl Hahn,MOLDOVIA,43,mujer,27,capitan
W84528986,Thelma Anthony,MONEGASCA,25,hombre,82,trabajador
W19724377,Siyana Oneal,MOLDOVIA,48,mujer,102,trabajador
M43293318,Harriet Carpenter,SALOMONESA,46,mujer,220,trabajador
M81919103,Jason Devlin,CHECOSLOVACA,30,hombre,154,trabajador
K96803196,Meredith Mcclure,RUMANA,22,mujer,120,trabajador
U86107037,Olly Kaufman,TAIWANESA,45,hombre,153,trabajador
A38888126,Aminah Kennedy,MALAWIANA,41,hombre,3,capitan
T53899888,Juliet Dennis,LAOSIANA,54,mujer,150,trabajador
U93785974,Deon Mcneill,MALIENSE,30,mujer,219,trabajador
R81584068,Dilan Steele,LIBIA,59,hombre,74,capitan
J87987922,Fardeen Whittle,DE BARBADOS,38,mujer,144,trabajador
B23610129,Clarissa Dougherty,ISRAELI,60,hombre,136,trabajador
S90330150,Yousuf Draper,GRANADINA,40,mujer,94,trabajador
C39285747,Ishaan Webber,PORTUGUESA,33,mujer,42,trabajador
I88057857,Remi Barnes,HAITIANA,29,mujer,100,trabajador
M56565231,Kamran Bull,AUSTRALIANA,37,hombre,157,trabajador
M66934590,Chandler Chandler,VENEZOLANA,56,hombre,33,capitan
X63147050,Julius Roche,MACEDONIA,41,hombre,51,trabajador
R65306181,Amiyah Short,LESOTHENSE,38,hombre,247,trabajador
E81051489,Marwah Lester,DE SEYCHELLES,52,hombre,215,trabajador
